current_time, N_vessels, N_cells, N_cells_pheno_0, N_cells_pheno_1, N_cells_pheno_1_Ap, N_cells_pheno_1_G1, N_cells_pheno_1_Sy, N_cells_pheno_1_G2, N_cells_pheno_1_Di, N_cells_pheno_1_Tr, N_cell_protrusions
0,0,300,0,300,0,300,0,0,0,0,0
0.1,0,300,0,300,0,58,242,0,0,0,0
0.2,0,300,0,300,0,54,246,0,0,0,0
0.3,0,300,0,300,0,55,245,0,0,0,0
0.4,0,300,0,300,0,47,253,0,0,0,0
0.5,0,300,0,300,0,62,238,0,0,0,0
0.6,0,300,0,300,0,56,244,0,0,0,0
0.7,0,300,0,300,0,66,234,0,0,0,0
0.8,0,300,0,300,0,77,223,0,0,0,0
0.9,0,300,0,300,0,65,235,0,0,0,0
1,0,300,0,300,0,61,239,0,0,0,0
1.1,0,300,0,300,0,65,235,0,0,0,0
1.2,0,300,0,300,0,59,241,0,0,0,0
1.3,0,300,0,300,0,66,234,0,0,0,0
1.4,0,300,0,300,0,58,242,0,0,0,0
1.5,0,300,0,300,0,52,248,0,0,0,0
1.6,0,300,0,300,0,46,254,0,0,0,0
1.7,0,300,0,300,0,56,244,0,0,0,0
1.8,0,300,0,300,0,47,253,0,0,0,0
1.9,0,300,0,300,0,53,247,0,0,0,0
2,0,300,0,300,0,58,242,0,0,0,0
2.1,0,300,0,300,0,51,249,0,0,0,0
2.2,0,300,0,300,0,52,248,0,0,0,0
2.3,0,300,0,300,0,46,254,0,0,0,0
2.4,0,300,0,300,0,69,231,0,0,0,0
2.5,0,300,0,300,0,49,251,0,0,0,0
2.6,0,300,0,300,0,60,240,0,0,0,0
2.7,0,300,0,300,0,51,249,0,0,0,0
2.8,0,300,0,300,0,67,233,0,0,0,0
2.9,0,300,0,300,0,54,246,0,0,0,0
3,0,300,0,300,0,46,254,0,0,0,0
3.1,0,300,0,300,0,68,232,0,0,0,0
3.2,0,300,0,300,0,46,254,0,0,0,0
3.3,0,300,0,300,0,58,242,0,0,0,0
3.4,0,300,0,300,0,52,248,0,0,0,0
3.5,0,300,0,300,0,58,242,0,0,0,0
3.6,0,300,0,300,0,47,253,0,0,0,0
3.7,0,300,0,300,0,57,243,0,0,0,0
3.8,0,300,0,300,0,59,241,0,0,0,0
3.9,0,300,0,300,0,68,232,0,0,0,0
4,0,300,0,300,0,63,237,0,0,0,0
4.1,0,300,0,300,0,48,252,0,0,0,0
4.2,0,300,0,300,0,57,243,0,0,0,0
4.3,0,300,0,300,0,58,242,0,0,0,0
4.4,0,300,0,300,0,62,238,0,0,0,0
4.5,0,300,0,300,0,76,224,0,0,0,0
4.6,0,300,0,300,0,65,235,0,0,0,0
4.7,0,300,0,300,0,52,248,0,0,0,0
4.8,0,300,0,300,0,56,244,0,0,0,0
4.9,0,307,0,307,0,59,241,0,7,0,0
5,0,317,0,317,0,60,247,0,10,0,0
5.1,0,321,0,321,0,64,253,0,4,0,0
5.2,0,324,0,324,0,59,262,0,3,0,0
5.3,0,326,0,326,0,68,256,0,2,0,0
5.4,0,328,0,328,0,58,268,0,2,0,0
5.5,0,329,0,329,0,63,265,0,1,0,0
5.6,0,331,0,331,0,64,265,0,2,0,0
5.7,0,335,0,335,0,62,269,0,4,0,0
5.8,0,338,0,338,0,78,257,0,3,0,0
5.9,0,339,0,339,0,70,268,0,1,0,0
6,0,340,0,340,0,68,271,0,1,0,0
6.1,0,340,0,340,0,61,279,0,0,0,0
6.2,0,341,0,341,0,58,282,0,1,0,0
6.3,0,342,0,342,0,55,286,0,1,0,0
6.4,0,344,0,344,0,58,284,0,2,0,0
6.5,0,346,0,346,0,79,265,0,2,0,0
6.6,0,347,0,347,0,72,274,0,1,0,0
6.7,0,349,0,349,0,77,270,0,2,0,0
6.8,0,350,0,350,0,82,267,0,1,0,0
6.9,0,350,0,350,0,72,278,0,0,0,0
7,0,351,0,351,0,56,294,0,1,0,0
7.1,0,351,0,351,0,71,280,0,0,0,0
7.2,0,351,0,351,0,66,285,0,0,0,0
7.3,0,352,0,352,0,73,278,0,1,0,0
7.4,0,352,0,352,0,61,291,0,0,0,0
7.5,0,354,0,354,0,82,270,0,2,0,0
7.6,0,355,0,355,0,62,292,0,1,0,0
7.7,0,356,0,356,0,64,291,0,1,0,0
7.8,0,357,0,357,0,72,284,0,1,0,0
7.9,0,357,0,357,0,68,289,0,0,0,0
8,0,358,0,358,0,81,276,0,1,0,0
8.1,0,361,0,361,0,80,278,0,3,0,0
8.2,0,362,0,362,0,79,282,0,1,0,0
8.3,0,363,0,363,0,77,285,0,1,0,0
8.4,0,363,0,363,0,65,298,0,0,0,0
8.5,0,363,0,363,0,81,282,0,0,0,0
8.6,0,365,0,365,0,81,282,0,2,0,0
8.7,0,367,0,367,0,79,286,0,2,0,0
8.8,0,367,0,367,0,76,291,0,0,0,0
8.9,0,367,0,367,0,61,306,0,0,0,0
9,0,370,0,370,0,74,293,0,3,0,0
9.1,0,371,0,371,0,78,292,0,1,0,0
9.2,0,372,0,372,0,77,294,0,1,0,0
9.3,0,372,0,372,0,86,286,0,0,0,0
9.4,0,372,0,372,0,78,294,0,0,0,0
9.5,0,372,0,372,0,75,297,0,0,0,0
9.6,0,373,0,373,0,70,302,0,1,0,0
9.7,0,373,0,373,0,74,299,0,0,0,0
9.8,0,373,0,373,0,77,296,0,0,0,0
9.9,0,374,0,374,0,69,304,0,1,0,0
10,0,374,0,374,0,73,301,0,0,0,0
10.1,0,375,0,375,0,73,301,0,1,0,0
10.2,0,375,0,375,0,69,306,0,0,0,0
10.3,0,375,0,375,0,71,304,0,0,0,0
10.4,0,375,0,375,0,80,295,0,0,0,0
10.5,0,376,0,376,0,76,299,0,1,0,0
10.6,0,377,0,377,0,83,293,0,1,0,0
10.7,0,377,0,377,0,85,292,0,0,0,0
10.8,0,377,0,377,0,72,305,0,0,0,0
10.9,0,379,0,379,0,84,293,0,2,0,0
11,0,380,0,380,0,83,296,0,1,0,0
11.1,0,380,0,380,0,71,309,0,0,0,0
11.2,0,383,0,383,0,79,301,0,3,0,0
11.3,0,384,0,384,0,67,316,0,1,0,0
11.4,0,384,0,384,0,82,302,0,0,0,0
11.5,0,386,0,386,0,85,299,0,2,0,0
11.6,0,386,0,386,0,82,304,0,0,0,0
11.7,0,386,0,386,0,91,295,0,0,0,0
11.8,0,386,0,386,0,86,300,0,0,0,0
11.9,0,387,0,387,0,71,315,0,1,0,0
12,0,388,0,388,0,77,310,0,1,0,0
12.1,0,389,0,389,0,72,316,0,1,0,0
12.2,0,389,0,389,0,77,312,0,0,0,0
12.3,0,390,0,390,0,66,323,0,1,0,0
12.4,0,390,0,390,0,86,304,0,0,0,0
12.5,0,390,0,390,0,79,311,0,0,0,0
12.6,0,390,0,390,0,81,309,0,0,0,0
12.7,0,390,0,390,0,65,325,0,0,0,0
12.8,0,390,0,390,0,69,321,0,0,0,0
12.9,0,391,0,391,0,81,309,0,1,0,0
13,0,391,0,391,0,77,314,0,0,0,0
13.1,0,392,0,392,0,78,313,0,1,0,0
13.2,0,394,0,394,0,87,305,0,2,0,0
13.3,0,395,0,395,0,86,308,0,1,0,0
13.4,0,396,0,396,0,95,300,0,1,0,0
13.5,0,396,0,396,0,73,323,0,0,0,0
13.6,0,396,0,396,0,66,330,0,0,0,0
13.7,0,396,0,396,0,82,314,0,0,0,0
13.8,0,396,0,396,0,82,314,0,0,0,0
13.9,0,397,0,397,0,70,326,0,1,0,0
14,0,397,0,397,0,82,315,0,0,0,0
14.1,0,397,0,397,0,85,312,0,0,0,0
14.2,0,397,0,397,0,81,316,0,0,0,0
14.3,0,397,0,397,0,94,303,0,0,0,0
14.4,0,398,0,398,0,73,324,0,1,0,0
14.5,0,398,0,398,0,83,315,0,0,0,0
14.6,0,398,0,398,0,75,323,0,0,0,0
14.7,0,398,0,398,0,81,317,0,0,0,0
14.8,0,399,0,399,0,80,318,0,1,0,0
14.9,0,400,0,400,0,83,316,0,1,0,0
15,0,401,0,401,0,77,323,0,1,0,0
15.1,0,401,0,401,0,87,314,0,0,0,0
15.2,0,402,0,402,0,86,315,0,1,0,0
15.3,0,402,0,402,0,84,318,0,0,0,0
15.4,0,403,0,403,0,95,307,0,1,0,0
15.5,0,405,0,405,0,81,322,0,2,0,0
15.6,0,407,0,407,0,75,330,0,2,0,0
15.7,0,407,0,407,0,66,341,0,0,0,0
15.8,0,407,0,407,0,81,326,0,0,0,0
15.9,0,407,0,407,0,82,325,0,0,0,0
16,0,409,0,409,0,83,324,0,2,0,0
16.1,0,410,0,410,0,91,318,0,1,0,0
16.2,0,410,0,410,0,95,315,0,0,0,0
16.3,0,410,0,410,0,82,328,0,0,0,0
16.4,0,410,0,410,0,91,319,0,0,0,0
16.5,0,412,0,412,0,75,335,0,2,0,0
16.6,0,412,0,412,0,86,326,0,0,0,0
16.7,0,412,0,412,0,89,323,0,0,0,0
16.8,0,413,0,413,0,68,344,0,1,0,0
16.9,0,415,0,415,0,70,343,0,2,0,0
17,0,415,0,415,0,79,336,0,0,0,0
17.1,0,418,0,418,0,98,317,0,3,0,0
17.2,0,418,0,418,0,87,331,0,0,0,0
17.3,0,419,0,419,0,96,322,0,1,0,0
17.4,0,419,0,419,0,88,331,0,0,0,0
17.5,0,419,0,419,0,106,313,0,0,0,0
17.6,0,422,0,422,0,75,344,0,3,0,0
17.7,0,423,0,423,0,75,347,0,1,0,0
17.8,0,423,0,423,0,93,330,0,0,0,0
17.9,0,424,0,424,0,90,333,0,1,0,0
18,0,424,0,424,0,85,339,0,0,0,0
18.1,0,425,0,425,0,97,327,0,1,0,0
18.2,0,426,0,426,0,80,345,0,1,0,0
18.3,0,427,0,427,0,104,322,0,1,0,0
18.4,0,427,0,427,0,90,337,0,0,0,0
18.5,0,427,0,427,0,73,354,0,0,0,0
18.6,0,427,0,427,0,100,327,0,0,0,0
18.7,0,427,0,427,0,79,348,0,0,0,0
18.8,0,427,0,427,0,90,337,0,0,0,0
18.9,0,427,0,427,0,85,342,0,0,0,0
19,0,428,0,428,0,87,340,0,1,0,0
19.1,0,430,0,430,0,92,336,0,2,0,0
19.2,0,433,0,433,0,87,343,0,3,0,0
19.3,0,433,0,433,0,97,336,0,0,0,0
19.4,0,435,0,435,0,93,340,0,2,0,0
19.5,0,435,0,435,0,96,339,0,0,0,0
19.6,0,435,0,435,0,82,353,0,0,0,0
19.7,0,437,0,437,0,89,346,0,2,0,0
19.8,0,440,0,440,0,95,342,0,3,0,0
19.9,0,441,0,441,0,100,340,0,1,0,0
20,0,444,0,444,0,96,345,0,3,0,0
20.1,0,445,0,445,0,87,357,0,1,0,0
20.2,0,445,0,445,0,78,367,0,0,0,0
20.3,0,448,0,448,0,94,351,0,3,0,0
20.4,0,451,0,451,0,88,360,0,3,0,0
20.5,0,452,0,452,0,84,367,0,1,0,0
20.6,0,456,0,456,0,90,362,0,4,0,0
20.7,0,457,0,457,0,80,376,0,1,0,0
20.8,0,460,0,460,0,90,367,0,3,0,0
20.9,0,460,0,460,0,78,382,0,0,0,0
21,0,461,0,461,0,102,358,0,1,0,0
21.1,0,464,0,464,0,95,366,0,3,0,0
21.2,0,465,0,465,0,97,367,0,1,0,0
21.3,0,467,0,467,0,90,375,0,2,0,0
21.4,0,471,0,471,0,96,371,0,4,0,0
21.5,0,471,0,471,0,94,377,0,0,0,0
21.6,0,472,0,472,0,92,379,0,1,0,0
21.7,0,473,0,473,0,90,382,0,1,0,0
21.8,0,475,0,475,0,103,370,0,2,0,0
21.9,0,475,0,475,0,99,376,0,0,0,0
22,0,476,0,476,0,94,381,0,1,0,0
22.1,0,478,0,478,0,103,373,0,2,0,0
22.2,0,482,0,482,0,103,375,0,4,0,0
22.3,0,486,0,486,0,102,380,0,4,0,0
22.4,0,486,0,486,0,100,386,0,0,0,0
22.5,0,488,0,488,0,115,371,0,2,0,0
22.6,0,488,0,488,0,98,390,0,0,0,0
22.7,0,490,0,490,0,98,390,0,2,0,0
22.8,0,491,0,491,0,95,395,0,1,0,0
22.9,0,493,0,493,0,98,393,0,2,0,0
23,0,497,0,497,0,112,381,0,4,0,0
23.1,0,499,0,499,0,96,401,0,2,0,0
23.2,0,499,0,499,0,106,393,0,0,0,0
23.3,0,502,0,502,0,93,406,0,3,0,0
23.4,0,503,0,503,0,106,396,0,1,0,0
23.5,0,506,0,506,0,106,397,0,3,0,0
23.6,0,509,0,509,0,103,403,0,3,0,0
23.7,0,511,0,511,0,88,421,0,2,0,0
23.8,0,513,0,513,0,90,421,0,2,0,0
23.9,0,515,0,515,0,105,408,0,2,0,0
24,0,517,0,517,0,113,402,0,2,0,0
24.1,0,519,0,519,0,105,412,0,2,0,0
24.2,0,522,0,522,0,98,421,0,3,0,0
24.3,0,525,0,525,0,118,404,0,3,0,0
24.4,0,527,0,527,0,118,407,0,2,0,0
24.5,0,528,0,528,0,104,423,0,1,0,0
24.6,0,529,0,529,0,110,418,0,1,0,0
24.7,0,531,0,531,0,111,418,0,2,0,0
24.8,0,534,0,534,0,106,425,0,3,0,0
24.9,0,536,0,536,0,101,433,0,2,0,0
25,0,538,0,538,0,113,423,0,2,0,0
25.1,0,539,0,539,0,109,429,0,1,0,0
25.2,0,541,0,541,0,101,438,0,2,0,0
25.3,0,542,0,542,0,103,438,0,1,0,0
25.4,0,543,0,543,0,116,426,0,1,0,0
25.5,0,544,0,544,0,96,447,0,1,0,0
25.6,0,544,0,544,0,109,435,0,0,0,0
25.7,0,548,0,548,0,115,429,0,4,0,0
25.8,0,551,0,551,0,131,417,0,3,0,0
25.9,0,552,0,552,0,131,420,0,1,0,0
26,0,554,0,554,0,118,434,0,2,0,0
26.1,0,559,0,559,0,115,439,0,5,0,0
26.2,0,559,0,559,0,108,451,0,0,0,0
26.3,0,562,0,562,0,109,450,0,3,0,0
26.4,0,566,0,566,0,106,456,0,4,0,0
26.5,0,566,0,566,0,121,445,0,0,0,0
26.6,0,566,0,566,0,124,442,0,0,0,0
26.7,0,570,0,570,0,118,448,0,4,0,0
26.8,0,573,0,573,0,117,453,0,3,0,0
26.9,0,575,0,575,0,109,464,0,2,0,0
27,0,579,0,579,0,122,453,0,4,0,0
27.1,0,582,0,582,0,134,445,0,3,0,0
27.2,0,584,0,584,0,101,481,0,2,0,0
27.3,0,586,0,586,0,114,470,0,2,0,0
27.4,0,588,0,588,0,114,472,0,2,0,0
27.5,0,589,0,589,0,128,460,0,1,0,0
27.6,0,590,0,590,0,120,469,0,1,0,0
27.7,0,590,0,590,0,113,477,0,0,0,0
27.8,0,594,0,594,0,125,465,0,4,0,0
27.9,0,600,0,600,0,117,477,0,6,0,0
28,0,603,0,603,0,122,478,0,3,0,0
28.1,0,604,0,604,0,115,488,0,1,0,0
28.2,0,608,0,608,0,114,490,0,4,0,0
28.3,0,611,0,611,0,112,496,0,3,0,0
28.4,0,612,0,612,0,127,484,0,1,0,0
28.5,0,613,0,613,0,117,495,0,1,0,0
28.6,0,615,0,615,0,120,493,0,2,0,0
28.7,0,616,0,616,0,113,502,0,1,0,0
28.8,0,619,0,619,0,118,498,0,3,0,0
28.9,0,621,0,621,0,121,498,0,2,0,0
29,0,621,0,621,0,115,506,0,0,0,0
29.1,0,625,0,625,0,131,490,0,4,0,0
29.2,0,629,0,629,0,136,489,0,4,0,0
29.3,0,631,0,631,0,127,502,0,2,0,0
29.4,0,632,0,632,0,130,501,0,1,0,0
29.5,0,633,0,633,0,121,511,0,1,0,0
29.6,0,634,0,634,0,137,496,0,1,0,0
29.7,0,637,0,637,0,148,486,0,3,0,0
29.8,0,639,0,639,0,134,503,0,2,0,0
29.9,0,639,0,639,0,121,518,0,0,0,0
30,0,640,0,640,0,135,504,0,1,0,0
30.1,0,644,0,644,0,114,526,0,4,0,0
30.2,0,648,0,648,0,145,499,0,4,0,0
30.3,0,648,0,648,0,128,520,0,0,0,0
30.4,0,651,0,651,0,124,524,0,3,0,0
30.5,0,653,0,653,0,126,525,0,2,0,0
30.6,0,653,0,653,0,118,535,0,0,0,0
30.7,0,653,0,653,0,145,508,0,0,0,0
30.8,0,655,0,655,0,144,509,0,2,0,0
30.9,0,657,0,657,0,130,525,0,2,0,0
31,0,659,0,659,0,130,527,0,2,0,0
31.1,0,662,0,662,0,132,527,0,3,0,0
31.2,0,662,0,662,0,131,531,0,0,0,0
31.3,0,666,0,666,0,147,515,0,4,0,0
31.4,0,667,0,667,0,157,509,0,1,0,0
31.5,0,669,0,669,0,145,522,0,2,0,0
31.6,0,670,0,670,0,137,532,0,1,0,0
31.7,0,672,0,672,0,132,538,0,2,0,0
31.8,0,672,0,672,0,143,529,0,0,0,0
31.9,0,673,0,673,0,146,526,0,1,0,0
32,0,676,0,676,0,150,523,0,3,0,0
32.1,0,679,0,679,0,135,541,0,3,0,0
32.2,0,683,0,683,0,132,547,0,4,0,0
32.3,0,685,0,685,0,132,551,0,2,0,0
32.4,0,688,0,688,0,135,550,0,3,0,0
32.5,0,690,0,690,0,144,544,0,2,0,0
32.6,0,692,0,692,0,112,578,0,2,0,0
32.7,0,694,0,694,0,149,543,0,2,0,0
32.8,0,698,0,698,0,130,564,0,4,0,0
32.9,0,701,0,701,0,118,580,0,3,0,0
33,0,701,0,701,0,136,565,0,0,0,0
33.1,0,702,0,702,0,140,561,0,1,0,0
33.2,0,703,0,703,0,142,560,0,1,0,0
33.3,0,705,0,705,0,156,547,0,2,0,0
33.4,0,706,0,706,0,139,566,0,1,0,0
33.5,0,706,0,706,0,141,565,0,0,0,0
33.6,0,707,0,707,0,142,564,0,1,0,0
33.7,0,709,0,709,0,135,572,0,2,0,0
33.8,0,710,0,710,0,152,557,0,1,0,0
33.9,0,710,0,710,0,138,572,0,0,0,0
34,0,712,0,712,0,144,566,0,2,0,0
34.1,0,717,0,717,0,149,563,0,5,0,0
34.2,0,720,0,720,0,132,585,0,3,0,0
34.3,0,721,0,721,0,138,582,0,1,0,0
34.4,0,723,0,723,0,147,574,0,2,0,0
34.5,0,725,0,725,0,134,589,0,2,0,0
34.6,0,728,0,728,0,169,556,0,3,0,0
34.7,0,729,0,729,0,169,559,0,1,0,0
34.8,0,730,0,730,0,119,610,0,1,0,0
34.9,0,731,0,731,0,140,590,0,1,0,0
35,0,731,0,731,0,134,597,0,0,0,0
35.1,0,732,0,732,0,144,587,0,1,0,0
35.2,0,733,0,733,0,159,573,0,1,0,0
35.3,0,735,0,735,0,139,594,0,2,0,0
35.4,0,738,0,738,0,164,571,0,3,0,0
35.5,0,741,0,741,0,162,576,0,3,0,0
35.6,0,743,0,743,0,151,590,0,2,0,0
35.7,0,747,0,747,0,140,603,0,4,0,0
35.8,0,749,0,749,0,141,606,0,2,0,0
35.9,0,752,0,752,0,172,577,0,3,0,0
36,0,756,0,756,0,166,586,0,4,0,0
36.1,0,758,0,758,0,155,601,0,2,0,0
36.2,0,762,0,762,0,156,602,0,4,0,0
36.3,0,762,0,762,0,152,610,0,0,0,0
36.4,0,764,0,764,0,155,607,0,2,0,0
36.5,0,764,0,764,0,148,616,0,0,0,0
36.6,0,764,0,764,0,144,620,0,0,0,0
36.7,0,766,0,766,0,148,616,0,2,0,0
36.8,0,767,0,767,0,139,627,0,1,0,0
36.9,0,770,0,770,0,160,607,0,3,0,0
37,0,771,0,771,0,150,620,0,1,0,0
37.1,0,773,0,773,0,141,630,0,2,0,0
37.2,0,776,0,776,0,155,618,0,3,0,0
37.3,0,779,0,779,0,159,617,0,3,0,0
37.4,0,779,0,779,0,151,628,0,0,0,0
37.5,0,782,0,782,0,148,631,0,3,0,0
37.6,0,783,0,783,0,163,619,0,1,0,0
37.7,0,787,0,787,0,170,613,0,4,0,0
37.8,0,789,0,789,0,152,635,0,2,0,0
37.9,0,790,0,790,0,165,624,0,1,0,0
38,0,792,0,792,0,171,619,0,2,0,0
38.1,0,799,0,799,0,146,646,0,7,0,0
38.2,0,802,0,802,0,180,619,0,3,0,0
38.3,0,805,0,805,0,143,659,0,3,0,0
38.4,0,806,0,806,0,166,639,0,1,0,0
38.5,0,810,0,810,0,150,656,0,4,0,0
38.6,0,814,0,814,0,168,642,0,4,0,0
38.7,0,818,0,818,0,161,653,0,4,0,0
38.8,0,821,0,821,0,152,666,0,3,0,0
38.9,0,824,0,824,0,179,642,0,3,0,0
39,0,827,0,827,0,156,668,0,3,0,0
39.1,0,827,0,827,0,155,672,0,0,0,0
39.2,0,830,0,830,0,180,647,0,3,0,0
39.3,0,834,0,834,0,164,666,0,4,0,0
39.4,0,835,0,835,0,151,683,0,1,0,0
39.5,0,838,0,838,0,141,694,0,3,0,0
39.6,0,841,0,841,0,153,685,0,3,0,0
39.7,0,841,0,841,0,177,664,0,0,0,0
39.8,0,843,0,843,0,187,654,0,2,0,0
39.9,0,846,0,846,0,159,684,0,3,0,0
40,0,849,0,849,0,169,677,0,3,0,0
40.1,0,850,0,850,0,161,688,0,1,0,0
40.2,0,851,0,851,0,179,671,0,1,0,0
40.3,0,852,0,852,0,167,684,0,1,0,0
40.4,0,857,0,857,0,195,657,0,5,0,0
40.5,0,859,0,859,0,147,710,0,2,0,0
40.6,0,864,0,864,0,168,691,0,5,0,0
40.7,0,867,0,867,0,162,702,0,3,0,0
40.8,0,873,0,873,0,188,679,0,6,0,0
40.9,0,875,0,875,0,187,686,0,2,0,0
41,0,879,0,879,0,174,701,0,4,0,0
41.1,0,883,0,883,0,177,702,0,4,0,0
41.2,0,884,0,884,0,163,720,0,1,0,0
41.3,0,885,0,885,0,178,706,0,1,0,0
41.4,0,886,0,886,0,198,687,0,1,0,0
41.5,0,888,0,888,0,193,693,0,2,0,0
41.6,0,891,0,891,0,195,693,0,3,0,0
41.7,0,895,0,895,0,179,712,0,4,0,0
41.8,0,901,0,901,0,173,722,0,6,0,0
41.9,0,904,0,904,0,180,721,0,3,0,0
42,0,905,0,905,0,167,737,0,1,0,0
42.1,0,907,0,907,0,194,711,0,2,0,0
42.2,0,910,0,910,0,206,701,0,3,0,0
42.3,0,915,0,915,0,189,721,0,5,0,0
42.4,0,919,0,919,0,179,736,0,4,0,0
42.5,0,924,0,924,0,192,727,0,5,0,0
42.6,0,927,0,927,0,177,747,0,3,0,0
42.7,0,929,0,929,0,181,746,0,2,0,0
42.8,0,932,0,932,0,203,726,0,3,0,0
42.9,0,936,0,936,0,205,727,0,4,0,0
43,0,937,0,937,0,188,748,0,1,0,0
43.1,0,941,0,941,0,185,752,0,4,0,0
43.2,0,945,0,945,0,175,766,0,4,0,0
43.3,0,946,0,946,0,188,757,0,1,0,0
43.4,0,951,0,951,0,178,768,0,5,0,0
43.5,0,954,0,954,0,181,770,0,3,0,0
43.6,0,958,0,958,0,185,769,0,4,0,0
43.7,0,961,0,961,0,215,743,0,3,0,0
43.8,0,966,0,966,0,171,790,0,5,0,0
43.9,0,972,0,972,0,184,782,0,6,0,0
44,0,975,0,975,0,200,772,0,3,0,0
44.1,0,980,0,980,0,196,779,0,5,0,0
44.2,0,988,0,988,0,181,799,0,8,0,0
44.3,0,993,0,993,0,208,780,0,5,0,0
44.4,0,994,0,994,0,196,797,0,1,0,0
44.5,0,999,0,999,0,214,780,0,5,0,0
44.6,0,1005,0,1005,0,210,789,0,6,0,0
44.7,0,1008,0,1008,0,207,798,0,3,0,0
44.8,0,1010,0,1010,0,205,803,0,2,0,0
44.9,0,1013,0,1013,0,208,802,0,3,0,0
45,0,1016,0,1016,0,205,808,0,3,0,0
45.1,0,1019,0,1019,0,184,832,0,3,0,0
45.2,0,1023,0,1023,0,216,803,0,4,0,0
45.3,0,1027,0,1027,0,207,816,0,4,0,0
45.4,0,1029,0,1029,0,210,817,0,2,0,0
45.5,0,1033,0,1033,0,197,832,0,4,0,0
45.6,0,1036,0,1036,0,223,810,0,3,0,0
45.7,0,1039,0,1039,0,207,829,0,3,0,0
45.8,0,1042,0,1042,0,189,850,0,3,0,0
45.9,0,1046,0,1046,0,212,830,0,4,0,0
46,0,1051,0,1051,0,191,855,0,5,0,0
46.1,0,1054,0,1054,0,216,835,0,3,0,0
46.2,0,1056,0,1056,0,207,847,0,2,0,0
46.3,0,1060,0,1060,0,235,821,0,4,0,0
46.4,0,1066,0,1066,0,203,857,0,6,0,0
46.5,0,1068,0,1068,0,230,836,0,2,0,0
46.6,0,1074,0,1074,0,212,856,0,6,0,0
46.7,0,1078,0,1078,0,202,872,0,4,0,0
46.8,0,1081,0,1081,0,194,884,0,3,0,0
46.9,0,1082,0,1082,0,196,885,0,1,0,0
47,0,1083,0,1083,0,220,862,0,1,0,0
47.1,0,1087,0,1087,0,203,880,0,4,0,0
47.2,0,1091,0,1091,0,210,877,0,4,0,0
47.3,0,1094,0,1094,0,204,887,0,3,0,0
47.4,0,1094,0,1094,0,231,863,0,0,0,0
47.5,0,1096,0,1096,0,188,906,0,2,0,0
47.6,0,1096,0,1096,0,201,895,0,0,0,0
47.7,0,1101,0,1101,0,233,863,0,5,0,0
47.8,0,1110,0,1110,0,220,881,0,9,0,0
47.9,0,1116,0,1116,0,197,913,0,6,0,0
48,0,1118,0,1118,0,206,910,0,2,0,0
48.1,0,1124,0,1124,0,243,875,0,6,0,0
48.2,0,1126,0,1126,0,232,892,0,2,0,0
48.3,0,1129,0,1129,0,214,912,0,3,0,0
48.4,0,1131,0,1131,0,211,918,0,2,0,0
48.5,0,1134,0,1134,0,227,904,0,3,0,0
48.6,0,1135,0,1135,0,226,908,0,1,0,0
48.7,0,1142,0,1142,0,210,925,0,7,0,0
48.8,0,1147,0,1147,0,207,935,0,5,0,0
48.9,0,1151,0,1151,0,225,922,0,4,0,0
49,0,1152,0,1152,0,213,938,0,1,0,0
49.1,0,1154,0,1154,0,230,922,0,2,0,0
49.2,0,1157,0,1157,0,221,933,0,3,0,0
49.3,0,1161,0,1161,0,228,929,0,4,0,0
49.4,0,1163,0,1163,0,232,929,0,2,0,0
49.5,0,1164,0,1164,0,233,930,0,1,0,0
49.6,0,1169,0,1169,0,231,933,0,5,0,0
49.7,0,1172,0,1172,0,215,954,0,3,0,0
49.8,0,1174,0,1174,0,232,940,0,2,0,0
49.9,0,1182,0,1182,0,221,953,0,8,0,0
50,0,1182,0,1182,0,219,963,0,0,0,0
50.1,0,1185,0,1185,0,228,954,0,3,0,0
50.2,0,1193,0,1193,0,250,935,0,8,0,0
50.3,0,1200,0,1200,0,222,971,0,7,0,0
50.4,0,1202,0,1202,0,225,975,0,2,0,0
50.5,0,1205,0,1205,0,219,983,0,3,0,0
50.6,0,1206,0,1206,0,252,953,0,1,0,0
50.7,0,1209,0,1209,0,218,988,0,3,0,0
50.8,0,1211,0,1211,0,227,982,0,2,0,0
50.9,0,1215,0,1215,0,237,974,0,4,0,0
51,0,1216,0,1216,0,245,970,0,1,0,0
51.1,0,1220,0,1220,0,231,985,0,4,0,0
51.2,0,1224,0,1224,0,232,988,0,4,0,0
51.3,0,1226,0,1226,0,211,1013,0,2,0,0
51.4,0,1229,0,1229,0,225,1001,0,3,0,0
51.5,0,1230,0,1230,0,231,998,0,1,0,0
51.6,0,1233,0,1233,0,241,989,0,3,0,0
51.7,0,1237,0,1237,0,225,1008,0,4,0,0
51.8,0,1243,0,1243,0,228,1009,0,6,0,0
51.9,0,1243,0,1243,0,250,993,0,0,0,0
52,0,1244,0,1244,0,236,1007,0,1,0,0
52.1,0,1247,0,1247,0,237,1007,0,3,0,0
52.2,0,1248,0,1248,0,233,1014,0,1,0,0
52.3,0,1254,0,1254,0,259,989,0,6,0,0
52.4,0,1259,0,1259,0,233,1021,0,5,0,0
52.5,0,1264,0,1264,0,261,998,0,5,0,0
52.6,0,1265,0,1265,0,241,1023,0,1,0,0
52.7,0,1266,0,1266,0,227,1038,0,1,0,0
52.8,0,1269,0,1269,0,239,1027,0,3,0,0
52.9,0,1272,0,1272,0,256,1013,0,3,0,0
53,0,1278,0,1278,0,224,1048,0,6,0,0
53.1,0,1281,0,1281,0,232,1046,0,3,0,0
53.2,0,1286,0,1286,0,250,1031,0,5,0,0
53.3,0,1289,0,1289,0,241,1045,0,3,0,0
53.4,0,1291,0,1291,0,242,1047,0,2,0,0
53.5,0,1292,0,1292,0,225,1066,0,1,0,0
53.6,0,1294,0,1294,0,250,1042,0,2,0,0
53.7,0,1297,0,1297,0,224,1070,0,3,0,0
53.8,0,1300,0,1300,0,247,1050,0,3,0,0
53.9,0,1306,0,1306,0,248,1052,0,6,0,0
54,0,1308,0,1308,0,257,1049,0,2,0,0
54.1,0,1311,0,1311,0,239,1069,0,3,0,0
54.2,0,1317,0,1317,0,241,1070,0,6,0,0
54.3,0,1318,0,1318,0,253,1064,0,1,0,0
54.4,0,1322,0,1322,0,220,1098,0,4,0,0
54.5,0,1325,0,1325,0,237,1085,0,3,0,0
54.6,0,1327,0,1327,0,251,1074,0,2,0,0
54.7,0,1329,0,1329,0,240,1087,0,2,0,0
54.8,0,1336,0,1336,0,269,1060,0,7,0,0
54.9,0,1337,0,1337,0,230,1106,0,1,0,0
55,0,1339,0,1339,0,276,1061,0,2,0,0
55.1,0,1341,0,1341,0,231,1108,0,2,0,0
55.2,0,1347,0,1347,0,266,1075,0,6,0,0
55.3,0,1350,0,1350,0,219,1128,0,3,0,0
55.4,0,1352,0,1352,0,250,1100,0,2,0,0
55.5,0,1358,0,1358,0,259,1093,0,6,0,0
55.6,0,1363,0,1363,0,252,1106,0,5,0,0
55.7,0,1367,0,1367,0,286,1077,0,4,0,0
55.8,0,1371,0,1371,0,239,1128,0,4,0,0
55.9,0,1375,0,1375,0,258,1113,0,4,0,0
56,0,1376,0,1376,0,251,1124,0,1,0,0
56.1,0,1379,0,1379,0,255,1121,0,3,0,0
56.2,0,1382,0,1382,0,252,1127,0,3,0,0
56.3,0,1387,0,1387,0,264,1118,0,5,0,0
56.4,0,1389,0,1389,0,259,1128,0,2,0,0
56.5,0,1395,0,1395,0,243,1146,0,6,0,0
56.6,0,1399,0,1399,0,272,1123,0,4,0,0
56.7,0,1402,0,1402,0,274,1125,0,3,0,0
56.8,0,1405,0,1405,0,239,1163,0,3,0,0
56.9,0,1408,0,1408,0,276,1129,0,3,0,0
57,0,1411,0,1411,0,226,1182,0,3,0,0
57.1,0,1419,0,1419,0,256,1155,0,8,0,0
57.2,0,1422,0,1422,0,243,1176,0,3,0,0
57.3,0,1424,0,1424,0,258,1164,0,2,0,0
57.4,0,1425,0,1425,0,261,1163,0,1,0,0
57.5,0,1426,0,1426,0,291,1134,0,1,0,0
57.6,0,1429,0,1429,0,289,1137,0,3,0,0
57.7,0,1432,0,1432,0,257,1172,0,3,0,0
57.8,0,1439,0,1439,0,290,1142,0,7,0,0
57.9,0,1444,0,1444,0,247,1192,0,5,0,0
58,0,1447,0,1447,0,259,1185,0,3,0,0
58.1,0,1448,0,1448,0,265,1182,0,1,0,0
58.2,0,1456,0,1456,0,284,1164,0,8,0,0
58.3,0,1460,0,1460,0,273,1183,0,4,0,0
58.4,0,1466,0,1466,0,284,1176,0,6,0,0
58.5,0,1474,0,1474,0,249,1217,0,8,0,0
58.6,0,1478,0,1478,0,267,1207,0,4,0,0
58.7,0,1485,0,1485,0,258,1220,0,7,0,0
58.8,0,1487,0,1487,0,260,1225,0,2,0,0
58.9,0,1491,0,1491,0,273,1214,0,4,0,0
59,0,1498,0,1498,0,286,1205,0,7,0,0
59.1,0,1500,0,1500,0,280,1218,0,2,0,0
59.2,0,1507,0,1507,0,284,1216,0,7,0,0
59.3,0,1512,0,1512,0,261,1246,0,5,0,0
59.4,0,1515,0,1515,0,282,1230,0,3,0,0
59.5,0,1520,0,1520,0,264,1251,0,5,0,0
59.6,0,1524,0,1524,0,258,1262,0,4,0,0
59.7,0,1529,0,1529,0,303,1221,0,5,0,0
59.8,0,1535,0,1535,0,310,1219,0,6,0,0
59.9,0,1540,0,1540,0,250,1285,0,5,0,0
60,0,1542,0,1542,0,287,1253,0,2,0,0
60.1,0,1548,0,1548,0,263,1279,0,6,0,0
60.2,0,1551,0,1551,0,297,1251,0,3,0,0
60.3,0,1556,0,1556,0,316,1235,0,5,0,0
60.4,0,1559,0,1559,0,278,1278,0,3,0,0
60.5,0,1566,0,1566,0,291,1268,0,7,0,0
60.6,0,1571,0,1571,0,285,1281,0,5,0,0
60.7,0,1578,0,1578,0,301,1270,0,7,0,0
60.8,0,1579,0,1579,0,280,1298,0,1,0,0
60.9,0,1583,0,1583,0,278,1301,0,4,0,0
61,0,1585,0,1585,0,286,1297,0,2,0,0
61.1,0,1589,0,1589,0,280,1305,0,4,0,0
61.2,0,1596,0,1596,0,311,1278,0,7,0,0
61.3,0,1600,0,1600,0,286,1310,0,4,0,0
61.4,0,1606,0,1606,0,289,1311,0,6,0,0
61.5,0,1613,0,1613,0,294,1312,0,7,0,0
61.6,0,1616,0,1616,0,286,1327,0,3,0,0
61.7,0,1617,0,1617,0,308,1308,0,1,0,0
61.8,0,1624,0,1624,0,318,1299,0,7,0,0
61.9,0,1632,0,1632,0,262,1362,0,8,0,0
62,0,1640,0,1640,0,297,1335,0,8,0,0
62.1,0,1644,0,1644,0,276,1364,0,4,0,0
62.2,0,1649,0,1649,0,298,1346,0,5,0,0
62.3,0,1656,0,1656,0,282,1367,0,7,0,0
62.4,0,1659,0,1659,0,283,1373,0,3,0,0
62.5,0,1663,0,1663,0,314,1345,0,4,0,0
62.6,0,1668,0,1668,0,294,1369,0,5,0,0
62.7,0,1670,0,1670,0,286,1382,0,2,0,0
62.8,0,1678,0,1678,0,310,1360,0,8,0,0
62.9,0,1683,0,1683,0,307,1371,0,5,0,0
63,0,1688,0,1688,0,306,1377,0,5,0,0
63.1,0,1691,0,1691,0,322,1366,0,3,0,0
63.2,0,1694,0,1694,0,286,1405,0,3,0,0
63.3,0,1696,0,1696,0,299,1395,0,2,0,0
63.4,0,1704,0,1704,0,293,1403,0,8,0,0
63.5,0,1710,0,1710,0,303,1401,0,6,0,0
63.6,0,1719,0,1719,0,313,1397,0,9,0,0
63.7,0,1731,0,1731,0,291,1428,0,12,0,0
63.8,0,1736,0,1736,0,313,1418,0,5,0,0
63.9,0,1742,0,1742,0,304,1432,0,6,0,0
64,0,1748,0,1748,0,346,1396,0,6,0,0
64.1,0,1753,0,1753,0,338,1410,0,5,0,0
64.2,0,1760,0,1760,0,307,1446,0,7,0,0
64.3,0,1766,0,1766,0,334,1426,0,6,0,0
64.4,0,1769,0,1769,0,313,1453,0,3,0,0
64.5,0,1770,0,1770,0,294,1475,0,1,0,0
64.6,0,1773,0,1773,0,331,1439,0,3,0,0
64.7,0,1777,0,1777,0,324,1449,0,4,0,0
64.8,0,1783,0,1783,0,328,1449,0,6,0,0
64.9,0,1789,0,1789,0,330,1453,0,6,0,0
65,0,1796,0,1796,0,309,1480,0,7,0,0
65.1,0,1801,0,1801,0,315,1481,0,5,0,0
65.2,0,1804,0,1804,0,356,1445,0,3,0,0
65.3,0,1814,0,1814,0,379,1425,0,10,0,0
65.4,0,1817,0,1817,0,279,1535,0,3,0,0
65.5,0,1825,0,1825,0,338,1479,0,8,0,0
65.6,0,1830,0,1830,0,328,1497,0,5,0,0
65.7,0,1834,0,1834,0,313,1517,0,4,0,0
65.8,0,1837,0,1837,0,334,1500,0,3,0,0
65.9,0,1845,0,1845,0,342,1495,0,8,0,0
66,0,1848,0,1848,0,339,1506,0,3,0,0
66.1,0,1856,0,1856,0,359,1489,0,8,0,0
66.2,0,1862,0,1862,0,331,1525,0,6,0,0
66.3,0,1874,0,1874,0,348,1514,0,12,0,0
66.4,0,1876,0,1876,0,338,1536,0,2,0,0
66.5,0,1882,0,1882,0,358,1518,0,6,0,0
66.6,0,1888,0,1888,0,331,1551,0,6,0,0
66.7,0,1894,0,1894,0,323,1565,0,6,0,0
66.8,0,1902,0,1902,0,352,1542,0,8,0,0
66.9,0,1909,0,1909,0,336,1566,0,7,0,0
67,0,1914,0,1914,0,349,1560,0,5,0,0
67.1,0,1915,0,1915,0,314,1600,0,1,0,0
67.2,0,1919,0,1919,0,339,1576,0,4,0,0
67.3,0,1927,0,1927,0,320,1599,0,8,0,0
67.4,0,1930,0,1930,0,359,1568,0,3,0,0
67.5,0,1936,0,1936,0,374,1556,0,6,0,0
67.6,0,1938,0,1938,0,312,1624,0,2,0,0
67.7,0,1946,0,1946,0,339,1599,0,8,0,0
67.8,0,1946,0,1946,0,344,1602,0,0,0,0
67.9,0,1950,0,1950,0,356,1590,0,4,0,0
68,0,1956,0,1956,0,347,1603,0,6,0,0
68.1,0,1960,0,1960,0,327,1629,0,4,0,0
68.2,0,1966,0,1966,0,397,1563,0,6,0,0
68.3,0,1969,0,1969,0,335,1631,0,3,0,0
68.4,0,1976,0,1976,0,369,1600,0,7,0,0
68.5,0,1980,0,1980,0,347,1629,0,4,0,0
68.6,0,1983,0,1983,0,364,1616,0,3,0,0
68.7,0,1988,0,1988,0,350,1633,0,5,0,0
68.8,0,1997,0,1997,0,358,1630,0,9,0,0
68.9,0,2003,0,2003,0,368,1629,0,6,0,0
69,0,2011,0,2011,0,395,1608,0,8,0,0
69.1,0,2019,0,2019,0,364,1647,0,8,0,0
69.2,0,2026,0,2026,0,344,1675,0,7,0,0
69.3,0,2030,0,2030,0,388,1638,0,4,0,0
69.4,0,2035,0,2035,0,378,1652,0,5,0,0
69.5,0,2043,0,2043,0,347,1688,0,8,0,0
69.6,0,2048,0,2048,0,335,1708,0,5,0,0
69.7,0,2050,0,2050,0,351,1697,0,2,0,0
69.8,0,2058,0,2058,0,381,1669,0,8,0,0
69.9,0,2064,0,2064,0,386,1672,0,6,0,0
70,0,2069,0,2069,0,361,1703,0,5,0,0
70.1,0,2076,0,2076,0,371,1698,0,7,0,0
70.2,0,2078,0,2078,0,357,1719,0,2,0,0
70.3,0,2086,0,2086,0,362,1716,0,8,0,0
70.4,0,2092,0,2092,0,360,1726,0,6,0,0
70.5,0,2095,0,2095,0,388,1704,0,3,0,0
70.6,0,2099,0,2099,0,376,1719,0,4,0,0
70.7,0,2105,0,2105,0,380,1719,0,6,0,0
70.8,0,2108,0,2108,0,360,1745,0,3,0,0
70.9,0,2112,0,2112,0,377,1731,0,4,0,0
71,0,2119,0,2119,0,407,1705,0,7,0,0
71.1,0,2127,0,2127,0,401,1718,0,8,0,0
71.2,0,2136,0,2136,0,381,1746,0,9,0,0
71.3,0,2143,0,2143,0,361,1775,0,7,0,0
71.4,0,2147,0,2147,0,384,1759,0,4,0,0
71.5,0,2150,0,2150,0,417,1730,0,3,0,0
71.6,0,2158,0,2158,0,386,1764,0,8,0,0
71.7,0,2160,0,2160,0,388,1770,0,2,0,0
71.8,0,2168,0,2168,0,390,1770,0,8,0,0
71.9,0,2173,0,2173,0,390,1778,0,5,0,0
72,0,2174,0,2174,0,415,1758,0,1,0,0
72.1,0,2177,0,2177,0,377,1797,0,3,0,0
72.2,0,2182,0,2182,0,369,1808,0,5,0,0
72.3,0,2193,0,2193,0,395,1787,0,11,0,0
72.4,0,2195,0,2195,0,369,1824,0,2,0,0
72.5,0,2199,0,2199,0,356,1839,0,4,0,0
72.6,0,2203,0,2203,0,381,1818,0,4,0,0
72.7,0,2211,0,2211,0,387,1816,0,8,0,0
72.8,0,2220,0,2220,0,358,1853,0,9,0,0
72.9,0,2225,0,2225,0,358,1862,0,5,0,0
73,0,2228,0,2228,0,375,1850,0,3,0,0
73.1,0,2233,0,2233,0,378,1850,0,5,0,0
73.2,0,2236,0,2236,0,405,1828,0,3,0,0
73.3,0,2240,0,2240,0,376,1860,0,4,0,0
73.4,0,2243,0,2243,0,356,1884,0,3,0,0
73.5,0,2246,0,2246,0,400,1843,0,3,0,0
73.6,0,2251,0,2251,0,409,1837,0,5,0,0
73.7,0,2253,0,2253,0,381,1870,0,2,0,0
73.8,0,2260,0,2260,0,381,1872,0,7,0,0
73.9,0,2265,0,2265,0,387,1873,0,5,0,0
74,0,2272,0,2272,0,394,1871,0,7,0,0
74.1,0,2277,0,2277,0,379,1893,0,5,0,0
74.2,0,2287,0,2287,0,409,1868,0,10,0,0
74.3,0,2288,0,2288,0,392,1895,0,1,0,0
74.4,0,2293,0,2293,0,404,1884,0,5,0,0
74.5,0,2300,0,2300,0,389,1904,0,7,0,0
74.6,0,2304,0,2304,0,398,1902,0,4,0,0
74.7,0,2306,0,2306,0,399,1905,0,2,0,0
74.8,0,2313,0,2313,0,423,1883,0,7,0,0
74.9,0,2321,0,2321,0,411,1902,0,8,0,0
75,0,2325,0,2325,0,392,1929,0,4,0,0
75.1,0,2330,0,2330,0,418,1907,0,5,0,0
75.2,0,2331,0,2331,0,404,1926,0,1,0,0
75.3,0,2336,0,2336,0,388,1943,0,5,0,0
75.4,0,2339,0,2339,0,397,1939,0,3,0,0
75.5,0,2343,0,2343,0,348,1991,0,4,0,0
75.6,0,2346,0,2346,0,412,1931,0,3,0,0
75.7,0,2357,0,2357,0,428,1918,0,11,0,0
75.8,0,2362,0,2362,0,416,1941,0,5,0,0
75.9,0,2368,0,2368,0,426,1936,0,6,0,0
76,0,2372,0,2372,0,396,1972,0,4,0,0
76.1,0,2377,0,2377,0,371,2001,0,5,0,0
76.2,0,2379,0,2379,0,435,1942,0,2,0,0
76.3,0,2383,0,2383,0,341,2038,0,4,0,0
76.4,0,2388,0,2388,0,413,1970,0,5,0,0
76.5,0,2399,0,2399,0,426,1962,0,11,0,0
76.6,0,2405,0,2405,0,397,2002,0,6,0,0
76.7,0,2409,0,2409,0,411,1994,0,4,0,0
76.8,0,2412,0,2412,0,400,2009,0,3,0,0
76.9,0,2420,0,2420,0,440,1972,0,8,0,0
77,0,2425,0,2425,0,392,2028,0,5,0,0
77.1,0,2427,0,2427,0,429,1996,0,2,0,0
77.2,0,2435,0,2435,0,443,1984,0,8,0,0
77.3,0,2442,0,2442,0,397,2038,0,7,0,0
77.4,0,2449,0,2449,0,414,2028,0,7,0,0
77.5,0,2452,0,2452,0,418,2031,0,3,0,0
77.6,0,2453,0,2453,0,436,2016,0,1,0,0
77.7,0,2460,0,2460,0,407,2046,0,7,0,0
77.8,0,2466,0,2466,0,410,2050,0,6,0,0
77.9,0,2470,0,2470,0,432,2034,0,4,0,0
78,0,2476,0,2476,0,436,2034,0,6,0,0
78.1,0,2483,0,2483,0,453,2023,0,7,0,0
78.2,0,2489,0,2489,0,425,2058,0,6,0,0
78.3,0,2492,0,2492,0,411,2078,0,3,0,0
78.4,0,2504,0,2504,0,445,2047,0,12,0,0
78.5,0,2514,0,2514,0,429,2075,0,10,0,0
78.6,0,2521,0,2521,0,437,2077,0,7,0,0
78.7,0,2525,0,2525,0,419,2102,0,4,0,0
78.8,0,2533,0,2533,0,421,2104,0,8,0,0
78.9,0,2543,0,2543,0,428,2105,0,10,0,0
79,0,2546,0,2546,0,443,2100,0,3,0,0
79.1,0,2551,0,2551,0,439,2107,0,5,0,0
79.2,0,2559,0,2559,0,430,2121,0,8,0,0
79.3,0,2565,0,2565,0,455,2104,0,6,0,0
79.4,0,2574,0,2574,0,443,2122,0,9,0,0
79.5,0,2583,0,2583,0,413,2161,0,9,0,0
79.6,0,2587,0,2587,0,455,2128,0,4,0,0
79.7,0,2592,0,2592,0,447,2140,0,5,0,0
79.8,0,2598,0,2598,0,407,2185,0,6,0,0
79.9,0,2605,0,2605,0,457,2141,0,7,0,0
80,0,2613,0,2613,0,452,2153,0,8,0,0
80.1,0,2622,0,2622,0,407,2206,0,9,0,0
80.2,0,2628,0,2628,0,467,2155,0,6,0,0
80.3,0,2634,0,2634,0,444,2184,0,6,0,0
80.4,0,2641,0,2641,0,453,2181,0,7,0,0
80.5,0,2650,0,2650,0,458,2183,0,9,0,0
80.6,0,2655,0,2655,0,400,2250,0,5,0,0
80.7,0,2661,0,2661,0,416,2239,0,6,0,0
80.8,0,2672,0,2672,0,450,2211,0,11,0,0
80.9,0,2680,0,2680,0,445,2227,0,8,0,0
81,0,2686,0,2686,0,441,2239,0,6,0,0
81.1,0,2698,0,2698,0,494,2192,0,12,0,0
81.2,0,2709,0,2709,0,486,2212,0,11,0,0
81.3,0,2718,0,2718,0,468,2241,0,9,0,0
81.4,0,2724,0,2724,0,489,2229,0,6,0,0
81.5,0,2730,0,2730,0,459,2265,0,6,0,0
81.6,0,2743,0,2743,0,482,2248,0,13,0,0
81.7,0,2756,0,2756,0,455,2288,0,13,0,0
81.8,0,2768,0,2768,0,456,2300,0,12,0,0
81.9,0,2780,0,2780,0,472,2296,0,12,0,0
82,0,2784,0,2784,0,467,2313,0,4,0,0
82.1,0,2796,0,2796,0,446,2338,0,12,0,0
82.2,0,2806,0,2806,0,457,2339,0,10,0,0
82.3,0,2815,0,2815,0,487,2319,0,9,0,0
82.4,0,2822,0,2822,0,473,2342,0,7,0,0
82.5,0,2829,0,2829,0,460,2362,0,7,0,0
82.6,0,2836,0,2836,0,464,2365,0,7,0,0
82.7,0,2844,0,2844,0,481,2355,0,8,0,0
82.8,0,2851,0,2851,0,474,2370,0,7,0,0
82.9,0,2856,0,2856,0,503,2348,0,5,0,0
83,0,2862,0,2862,0,484,2372,0,6,0,0
83.1,0,2867,0,2867,0,471,2391,0,5,0,0
83.2,0,2872,0,2872,0,490,2377,0,5,0,0
83.3,0,2880,0,2880,0,495,2377,0,8,0,0
83.4,0,2886,0,2886,0,447,2433,0,6,0,0
83.5,0,2892,0,2892,0,443,2443,0,6,0,0
83.6,0,2900,0,2900,0,491,2401,0,8,0,0
83.7,0,2910,0,2910,0,529,2371,0,10,0,0
83.8,0,2914,0,2914,0,514,2396,0,4,0,0
83.9,0,2924,0,2924,0,458,2456,0,10,0,0
84,0,2934,0,2934,0,502,2422,0,10,0,0
84.1,0,2941,0,2941,0,460,2474,0,7,0,0
84.2,0,2947,0,2947,0,514,2427,0,6,0,0
84.3,0,2953,0,2953,0,515,2432,0,6,0,0
84.4,0,2965,0,2965,0,524,2429,0,12,0,0
84.5,0,2973,0,2973,0,491,2474,0,8,0,0
84.6,0,2978,0,2978,0,519,2454,0,5,0,0
84.7,0,2984,0,2984,0,497,2481,0,6,0,0
84.8,0,2989,0,2989,0,472,2512,0,5,0,0
84.9,0,3003,0,3003,0,523,2466,0,14,0,0
85,0,3010,0,3010,0,492,2511,0,7,0,0
85.1,0,3019,0,3019,0,488,2522,0,9,0,0
85.2,0,3029,0,3029,0,521,2498,0,10,0,0
85.3,0,3038,0,3038,0,489,2540,0,9,0,0
85.4,0,3044,0,3044,0,473,2565,0,6,0,0
85.5,0,3051,0,3051,0,477,2567,0,7,0,0
85.6,0,3059,0,3059,0,507,2544,0,8,0,0
85.7,0,3067,0,3067,0,534,2525,0,8,0,0
85.8,0,3074,0,3074,0,505,2562,0,7,0,0
85.9,0,3083,0,3083,0,531,2543,0,9,0,0
86,0,3092,0,3092,0,540,2543,0,9,0,0
86.1,0,3097,0,3097,0,505,2587,0,5,0,0
86.2,0,3103,0,3103,0,497,2600,0,6,0,0
86.3,0,3110,0,3110,0,516,2587,0,7,0,0
86.4,0,3116,0,3116,0,471,2639,0,6,0,0
86.5,0,3126,0,3126,0,546,2570,0,10,0,0
86.6,0,3133,0,3133,0,489,2637,0,7,0,0
86.7,0,3144,0,3144,0,523,2610,0,11,0,0
86.8,0,3159,0,3159,0,501,2643,0,15,0,0
86.9,0,3168,0,3168,0,503,2656,0,9,0,0
87,0,3175,0,3175,0,521,2647,0,7,0,0
87.1,0,3180,0,3180,0,539,2636,0,5,0,0
87.2,0,3187,0,3187,0,489,2691,0,7,0,0
87.3,0,3201,0,3201,0,525,2662,0,14,0,0
87.4,0,3208,0,3208,0,549,2652,0,7,0,0
87.5,0,3218,0,3218,0,532,2676,0,10,0,0
87.6,0,3227,0,3227,0,522,2696,0,9,0,0
87.7,0,3240,0,3240,0,532,2695,0,13,0,0
87.8,0,3247,0,3247,0,511,2729,0,7,0,0
87.9,0,3253,0,3253,0,515,2732,0,6,0,0
88,0,3255,0,3255,0,531,2722,0,2,0,0
88.1,0,3262,0,3262,0,529,2726,0,7,0,0
88.2,0,3270,0,3270,0,552,2710,0,8,0,0
88.3,0,3278,0,3278,0,500,2770,0,8,0,0
88.4,0,3288,0,3288,0,511,2767,0,10,0,0
88.5,0,3299,0,3299,0,535,2753,0,11,0,0
88.6,0,3306,0,3306,0,482,2817,0,7,0,0
88.7,0,3315,0,3315,0,557,2749,0,9,0,0
88.8,0,3324,0,3324,0,519,2796,0,9,0,0
88.9,0,3333,0,3333,0,527,2797,0,9,0,0
89,0,3339,0,3339,0,543,2790,0,6,0,0
89.1,0,3349,0,3349,0,526,2813,0,10,0,0
89.2,0,3356,0,3356,0,541,2808,0,7,0,0
89.3,0,3363,0,3363,0,581,2775,0,7,0,0
89.4,0,3370,0,3370,0,536,2827,0,7,0,0
89.5,0,3376,0,3376,0,559,2811,0,6,0,0
89.6,0,3385,0,3385,0,530,2846,0,9,0,0
89.7,0,3397,0,3397,0,546,2839,0,12,0,0
89.8,0,3402,0,3402,0,524,2873,0,5,0,0
89.9,0,3414,0,3414,0,545,2857,0,12,0,0
90,0,3420,0,3420,0,525,2889,0,6,0,0
90.1,0,3426,0,3426,0,554,2866,0,6,0,0
90.2,0,3435,0,3435,0,562,2864,0,9,0,0
90.3,0,3451,0,3451,0,543,2892,0,16,0,0
90.4,0,3457,0,3457,0,551,2900,0,6,0,0
90.5,0,3469,0,3469,0,581,2876,0,12,0,0
90.6,0,3479,0,3479,0,576,2893,0,10,0,0
90.7,0,3484,0,3484,0,566,2913,0,5,0,0
90.8,0,3499,0,3499,0,581,2903,0,15,0,0
90.9,0,3503,0,3503,0,578,2921,0,4,0,0
91,0,3513,0,3513,0,577,2926,0,10,0,0
91.1,0,3522,0,3522,0,562,2951,0,9,0,0
91.2,0,3531,0,3531,0,606,2916,0,9,0,0
91.3,0,3540,0,3540,0,549,2982,0,9,0,0
91.4,0,3548,0,3548,0,576,2964,0,8,0,0
91.5,0,3559,0,3559,0,592,2956,0,11,0,0
91.6,0,3564,0,3564,0,617,2942,0,5,0,0
91.7,0,3568,0,3568,0,561,3003,0,4,0,0
91.8,0,3579,0,3579,0,528,3040,0,11,0,0
91.9,0,3585,0,3585,0,560,3019,0,6,0,0
92,0,3591,0,3591,0,568,3017,0,6,0,0
92.1,0,3600,0,3600,0,576,3015,0,9,0,0
92.2,0,3609,0,3609,0,560,3040,0,9,0,0
92.3,0,3625,0,3625,0,631,2978,0,16,0,0
92.4,0,3629,0,3629,0,602,3023,0,4,0,0
92.5,0,3636,0,3636,0,632,2997,0,7,0,0
92.6,0,3644,0,3644,0,582,3054,0,8,0,0
92.7,0,3652,0,3652,0,595,3049,0,8,0,0
92.8,0,3658,0,3658,0,564,3088,0,6,0,0
92.9,0,3664,0,3664,0,588,3070,0,6,0,0
93,0,3671,0,3671,0,602,3062,0,7,0,0
93.1,0,3677,0,3677,0,587,3084,0,6,0,0
93.2,0,3679,0,3679,0,573,3104,0,2,0,0
93.3,0,3685,0,3685,0,558,3121,0,6,0,0
93.4,0,3694,0,3694,0,631,3054,0,9,0,0
93.5,0,3700,0,3700,0,561,3133,0,6,0,0
93.6,0,3707,0,3707,0,599,3101,0,7,0,0
93.7,0,3720,0,3720,0,568,3139,0,13,0,0
93.8,0,3727,0,3727,0,600,3120,0,7,0,0
93.9,0,3735,0,3735,0,610,3117,0,8,0,0
94,0,3745,0,3745,0,580,3155,0,10,0,0
94.1,0,3752,0,3752,0,626,3119,0,7,0,0
94.2,0,3763,0,3763,0,607,3145,0,11,0,0
94.3,0,3775,0,3775,0,608,3155,0,12,0,0
94.4,0,3791,0,3791,0,626,3149,0,16,0,0
94.5,0,3802,0,3802,0,643,3148,0,11,0,0
94.6,0,3812,0,3812,0,609,3193,0,10,0,0
94.7,0,3821,0,3821,0,644,3168,0,9,0,0
94.8,0,3828,0,3828,0,586,3235,0,7,0,0
94.9,0,3838,0,3838,0,621,3207,0,10,0,0
95,0,3844,0,3844,0,612,3226,0,6,0,0
95.1,0,3853,0,3853,0,616,3228,0,9,0,0
95.2,0,3859,0,3859,0,592,3261,0,6,0,0
95.3,0,3867,0,3867,0,585,3274,0,8,0,0
95.4,0,3876,0,3876,0,583,3284,0,9,0,0
95.5,0,3888,0,3888,0,594,3282,0,12,0,0
95.6,0,3893,0,3893,0,626,3262,0,5,0,0
95.7,0,3900,0,3900,0,609,3284,0,7,0,0
95.8,0,3906,0,3906,0,619,3281,0,6,0,0
95.9,0,3915,0,3915,0,611,3295,0,9,0,0
96,0,3922,0,3922,0,606,3309,0,7,0,0
96.1,0,3929,0,3929,0,616,3306,0,7,0,0
96.2,0,3937,0,3937,0,595,3334,0,8,0,0
96.3,0,3944,0,3944,0,641,3296,0,7,0,0
96.4,0,3954,0,3954,0,596,3348,0,10,0,0
96.5,0,3963,0,3963,0,615,3339,0,9,0,0
96.6,0,3967,0,3967,0,655,3308,0,4,0,0
96.7,0,3973,0,3973,0,658,3309,0,6,0,0
96.8,0,3984,0,3984,0,632,3341,0,11,0,0
96.9,0,3999,0,3999,0,657,3327,0,15,0,0
97,0,4009,0,4009,0,582,3417,0,10,0,0
97.1,0,4019,0,4019,0,636,3373,0,10,0,0
97.2,0,4025,0,4025,0,626,3393,0,6,0,0
97.3,0,4036,0,4036,0,665,3360,0,11,0,0
97.4,0,4041,0,4041,0,649,3387,0,5,0,0
97.5,0,4047,0,4047,0,662,3379,0,6,0,0
97.6,0,4054,0,4054,0,622,3425,0,7,0,0
97.7,0,4064,0,4064,0,599,3455,0,10,0,0
97.8,0,4068,0,4068,0,627,3437,0,4,0,0
97.9,0,4075,0,4075,0,640,3428,0,7,0,0
98,0,4085,0,4085,0,664,3411,0,10,0,0
98.1,0,4097,0,4097,0,650,3435,0,12,0,0
98.2,0,4105,0,4105,0,675,3422,0,8,0,0
98.3,0,4114,0,4114,0,658,3447,0,9,0,0
98.4,0,4128,0,4128,0,682,3432,0,14,0,0
98.5,0,4137,0,4137,0,695,3433,0,9,0,0
98.6,0,4146,0,4146,0,622,3515,0,9,0,0
98.7,0,4153,0,4153,0,677,3469,0,7,0,0
98.8,0,4162,0,4162,0,662,3491,0,9,0,0
98.9,0,4173,0,4173,0,690,3472,0,11,0,0
99,0,4183,0,4183,0,628,3545,0,10,0,0
99.1,0,4191,0,4191,0,684,3499,0,8,0,0
99.2,0,4203,0,4203,0,625,3566,0,12,0,0
99.3,0,4214,0,4214,0,669,3534,0,11,0,0
99.4,0,4226,0,4226,0,676,3538,0,12,0,0
99.5,0,4234,0,4234,0,671,3555,0,8,0,0
99.6,0,4239,0,4239,0,658,3576,0,5,0,0
99.7,0,4248,0,4248,0,658,3581,0,9,0,0
99.8,0,4257,0,4257,0,645,3603,0,9,0,0
99.9,0,4266,0,4266,0,675,3582,0,9,0,0
100,0,4279,0,4279,0,665,3601,0,13,0,0
100.1,0,4294,0,4294,0,675,3604,0,15,0,0
100.2,0,4306,0,4306,0,683,3611,0,12,0,0
100.3,0,4316,0,4316,0,681,3625,0,10,0,0
100.4,0,4333,0,4333,0,636,3680,0,17,0,0
100.5,0,4342,0,4342,0,681,3652,0,9,0,0
100.6,0,4350,0,4350,0,697,3645,0,8,0,0
100.7,0,4360,0,4360,0,665,3685,0,10,0,0
100.8,0,4370,0,4370,0,687,3673,0,10,0,0
100.9,0,4381,0,4381,0,686,3684,0,11,0,0
101,0,4402,0,4402,0,729,3652,0,21,0,0
101.1,0,4414,0,4414,0,652,3750,0,12,0,0
101.2,0,4424,0,4424,0,699,3715,0,10,0,0
101.3,0,4441,0,4441,0,713,3711,0,17,0,0
101.4,0,4456,0,4456,0,693,3748,0,15,0,0
101.5,0,4465,0,4465,0,729,3727,0,9,0,0
101.6,0,4475,0,4475,0,700,3765,0,10,0,0
101.7,0,4485,0,4485,0,718,3757,0,10,0,0
101.8,0,4489,0,4489,0,700,3785,0,4,0,0
101.9,0,4498,0,4498,0,743,3746,0,9,0,0
102,0,4508,0,4508,0,720,3778,0,10,0,0
102.1,0,4520,0,4520,0,698,3810,0,12,0,0
102.2,0,4537,0,4537,0,713,3807,0,17,0,0
102.3,0,4549,0,4549,0,711,3826,0,12,0,0
102.4,0,4560,0,4560,0,693,3856,0,11,0,0
102.5,0,4571,0,4571,0,752,3808,0,11,0,0
102.6,0,4581,0,4581,0,673,3898,0,10,0,0
102.7,0,4593,0,4593,0,693,3888,0,12,0,0
102.8,0,4607,0,4607,0,699,3894,0,14,0,0
102.9,0,4626,0,4626,0,737,3870,0,19,0,0
103,0,4636,0,4636,0,703,3923,0,10,0,0
103.1,0,4645,0,4645,0,752,3884,0,9,0,0
103.2,0,4655,0,4655,0,743,3902,0,10,0,0
103.3,0,4670,0,4670,0,701,3954,0,15,0,0
103.4,0,4681,0,4681,0,740,3930,0,11,0,0
103.5,0,4699,0,4699,0,733,3948,0,18,0,0
103.6,0,4707,0,4707,0,712,3987,0,8,0,0
103.7,0,4725,0,4725,0,720,3987,0,18,0,0
103.8,0,4736,0,4736,0,742,3983,0,11,0,0
103.9,0,4754,0,4754,0,732,4004,0,18,0,0
104,0,4760,0,4760,0,772,3982,0,6,0,0
104.1,0,4768,0,4768,0,765,3995,0,8,0,0
104.2,0,4780,0,4780,0,777,3991,0,12,0,0
104.3,0,4789,0,4789,0,757,4023,0,9,0,0
104.4,0,4806,0,4806,0,753,4036,0,17,0,0
104.5,0,4816,0,4816,0,725,4081,0,10,0,0
104.6,0,4826,0,4826,0,763,4053,0,10,0,0
104.7,0,4840,0,4840,0,725,4101,0,14,0,0
104.8,0,4848,0,4848,0,765,4075,0,8,0,0
104.9,0,4856,0,4856,0,776,4072,0,8,0,0
105,0,4870,0,4870,0,717,4139,0,14,0,0
105.1,0,4878,0,4878,0,789,4081,0,8,0,0
105.2,0,4890,0,4890,0,737,4141,0,12,0,0
105.3,0,4899,0,4899,0,736,4154,0,9,0,0
105.4,0,4911,0,4911,0,745,4154,0,12,0,0
105.5,0,4922,0,4922,0,731,4180,0,11,0,0
105.6,0,4936,0,4936,0,765,4157,0,14,0,0
105.7,0,4951,0,4951,0,738,4198,0,15,0,0
105.8,0,4963,0,4963,0,813,4138,0,12,0,0
105.9,0,4977,0,4977,0,765,4198,0,14,0,0
106,0,4997,0,4997,0,750,4227,0,20,0,0
106.1,0,5015,0,5015,0,781,4216,0,18,0,0
106.2,0,5030,0,5030,0,769,4246,0,15,0,0
106.3,0,5044,0,5044,0,782,4248,0,14,0,0
106.4,0,5059,0,5059,0,744,4300,0,15,0,0
106.5,0,5072,0,5072,0,757,4302,0,13,0,0
106.6,0,5084,0,5084,0,799,4273,0,12,0,0
106.7,0,5093,0,5093,0,779,4305,0,9,0,0
106.8,0,5103,0,5103,0,776,4317,0,10,0,0
106.9,0,5114,0,5114,0,795,4308,0,11,0,0
107,0,5123,0,5123,0,769,4345,0,9,0,0
107.1,0,5142,0,5142,0,786,4337,0,19,0,0
107.2,0,5150,0,5150,0,784,4358,0,8,0,0
107.3,0,5164,0,5164,0,767,4383,0,14,0,0
107.4,0,5176,0,5176,0,777,4387,0,12,0,0
107.5,0,5193,0,5193,0,784,4392,0,17,0,0
107.6,0,5204,0,5204,0,802,4391,0,11,0,0
107.7,0,5215,0,5215,0,810,4394,0,11,0,0
107.8,0,5226,0,5226,0,802,4413,0,11,0,0
107.9,0,5236,0,5236,0,826,4400,0,10,0,0
108,0,5258,0,5258,0,757,4479,0,22,0,0
108.1,0,5270,0,5270,0,800,4458,0,12,0,0
108.2,0,5279,0,5279,0,793,4477,0,9,0,0
108.3,0,5291,0,5291,0,828,4451,0,12,0,0
108.4,0,5305,0,5305,0,798,4493,0,14,0,0
108.5,0,5323,0,5323,0,806,4499,0,18,0,0
108.6,0,5334,0,5334,0,818,4505,0,11,0,0
108.7,0,5346,0,5346,0,751,4583,0,12,0,0
108.8,0,5358,0,5358,0,828,4518,0,12,0,0
108.9,0,5366,0,5366,0,852,4506,0,8,0,0
109,0,5383,0,5383,0,838,4528,0,17,0,0
109.1,0,5395,0,5395,0,831,4552,0,12,0,0
109.2,0,5414,0,5414,0,855,4540,0,19,0,0
109.3,0,5426,0,5426,0,818,4596,0,12,0,0
109.4,0,5438,0,5438,0,813,4613,0,12,0,0
109.5,0,5452,0,5452,0,837,4601,0,14,0,0
109.6,0,5468,0,5468,0,854,4598,0,16,0,0
109.7,0,5476,0,5476,0,861,4607,0,8,0,0
109.8,0,5496,0,5496,0,869,4607,0,20,0,0
109.9,0,5507,0,5507,0,833,4663,0,11,0,0
110,0,5519,0,5519,0,870,4637,0,12,0,0
110.1,0,5535,0,5535,0,901,4618,0,16,0,0
110.2,0,5551,0,5551,0,854,4681,0,16,0,0
110.3,0,5568,0,5568,0,821,4730,0,17,0,0
110.4,0,5583,0,5583,0,880,4688,0,15,0,0
110.5,0,5595,0,5595,0,823,4760,0,12,0,0
110.6,0,5611,0,5611,0,877,4718,0,16,0,0
110.7,0,5625,0,5625,0,857,4754,0,14,0,0
110.8,0,5639,0,5639,0,862,4763,0,14,0,0
110.9,0,5652,0,5652,0,850,4789,0,13,0,0
111,0,5662,0,5662,0,858,4794,0,10,0,0
111.1,0,5672,0,5672,0,882,4780,0,10,0,0
111.2,0,5692,0,5692,0,838,4834,0,20,0,0
111.3,0,5705,0,5705,0,823,4869,0,13,0,0
111.4,0,5718,0,5718,0,844,4861,0,13,0,0
111.5,0,5732,0,5732,0,870,4848,0,14,0,0
111.6,0,5743,0,5743,0,831,4901,0,11,0,0
111.7,0,5752,0,5752,0,885,4858,0,9,0,0
111.8,0,5759,0,5759,0,880,4872,0,7,0,0
111.9,0,5771,0,5771,0,850,4909,0,12,0,0
112,0,5792,0,5792,0,863,4908,0,21,0,0
112.1,0,5800,0,5800,0,894,4898,0,8,0,0
112.2,0,5813,0,5813,0,903,4897,0,13,0,0
112.3,0,5834,0,5834,0,870,4943,0,21,0,0
112.4,0,5847,0,5847,0,882,4952,0,13,0,0
112.5,0,5861,0,5861,0,899,4948,0,14,0,0
112.6,0,5874,0,5874,0,895,4966,0,13,0,0
112.7,0,5890,0,5890,0,903,4971,0,16,0,0
112.8,0,5905,0,5905,0,894,4996,0,15,0,0
112.9,0,5916,0,5916,0,881,5024,0,11,0,0
113,0,5927,0,5927,0,872,5044,0,11,0,0
113.1,0,5937,0,5937,0,869,5058,0,10,0,0
113.2,0,5951,0,5951,0,908,5029,0,14,0,0
113.3,0,5964,0,5964,0,898,5053,0,13,0,0
113.4,0,5977,0,5977,0,932,5032,0,13,0,0
113.5,0,5997,0,5997,0,944,5033,0,20,0,0
113.6,0,6006,0,6006,0,859,5138,0,9,0,0
113.7,0,6020,0,6020,0,918,5088,0,14,0,0
113.8,0,6031,0,6031,0,905,5115,0,11,0,0
113.9,0,6039,0,6039,0,897,5134,0,8,0,0
114,0,6050,0,6050,0,892,5147,0,11,0,0
114.1,0,6058,0,6058,0,912,5138,0,8,0,0
114.2,0,6073,0,6073,0,902,5156,0,15,0,0
114.3,0,6084,0,6084,0,935,5138,0,11,0,0
114.4,0,6098,0,6098,0,925,5159,0,14,0,0
114.5,0,6104,0,6104,0,883,5215,0,6,0,0
114.6,0,6115,0,6115,0,905,5199,0,11,0,0
114.7,0,6124,0,6124,0,854,5261,0,9,0,0
114.8,0,6127,0,6127,0,907,5217,0,3,0,0
114.9,0,6145,0,6145,0,979,5148,0,18,0,0
115,0,6164,0,6164,0,965,5180,0,19,0,0
115.1,0,6180,0,6180,0,911,5253,0,16,0,0
115.2,0,6196,0,6196,0,894,5286,0,16,0,0
115.3,0,6207,0,6207,0,934,5262,0,11,0,0
115.4,0,6217,0,6217,0,902,5305,0,10,0,0
115.5,0,6234,0,6234,0,939,5278,0,17,0,0
115.6,0,6241,0,6241,0,926,5308,0,7,0,0
115.7,0,6247,0,6247,0,907,5334,0,6,0,0
115.8,0,6263,0,6263,0,914,5333,0,16,0,0
115.9,0,6275,0,6275,0,954,5309,0,12,0,0
116,0,6285,0,6285,0,948,5327,0,10,0,0
116.1,0,6298,0,6298,0,941,5344,0,13,0,0
116.2,0,6314,0,6314,0,966,5332,0,16,0,0
116.3,0,6326,0,6326,0,931,5383,0,12,0,0
116.4,0,6338,0,6338,0,945,5381,0,12,0,0
116.5,0,6353,0,6353,0,919,5419,0,15,0,0
116.6,0,6365,0,6365,0,975,5378,0,12,0,0
116.7,0,6381,0,6381,0,977,5388,0,16,0,0
116.8,0,6388,0,6388,0,924,5457,0,7,0,0
116.9,0,6403,0,6403,0,927,5461,0,15,0,0
117,0,6418,0,6418,0,961,5442,0,15,0,0
117.1,0,6435,0,6435,0,971,5447,0,17,0,0
117.2,0,6447,0,6447,0,952,5483,0,12,0,0
117.3,0,6459,0,6459,0,948,5499,0,12,0,0
117.4,0,6469,0,6469,0,935,5524,0,10,0,0
117.5,0,6485,0,6485,0,948,5521,0,16,0,0
117.6,0,6501,0,6501,0,954,5531,0,16,0,0
117.7,0,6517,0,6517,0,979,5522,0,16,0,0
117.8,0,6529,0,6529,0,944,5573,0,12,0,0
117.9,0,6541,0,6541,0,993,5536,0,12,0,0
118,0,6553,0,6553,0,963,5578,0,12,0,0
118.1,0,6565,0,6565,0,925,5628,0,12,0,0
118.2,0,6576,0,6576,0,959,5606,0,11,0,0
118.3,0,6586,0,6586,0,970,5606,0,10,0,0
118.4,0,6599,0,6599,0,984,5602,0,13,0,0
118.5,0,6612,0,6612,0,964,5635,0,13,0,0
118.6,0,6627,0,6627,0,993,5619,0,15,0,0
118.7,0,6640,0,6640,0,931,5696,0,13,0,0
118.8,0,6658,0,6658,0,964,5676,0,18,0,0
118.9,0,6665,0,6665,0,1027,5631,0,7,0,0
119,0,6679,0,6679,0,992,5673,0,14,0,0
119.1,0,6698,0,6698,0,983,5696,0,19,0,0
119.2,0,6706,0,6706,0,961,5737,0,8,0,0
119.3,0,6718,0,6718,0,997,5709,0,12,0,0
119.4,0,6736,0,6736,0,972,5746,0,18,0,0
119.5,0,6751,0,6751,0,964,5772,0,15,0,0
119.6,0,6766,0,6766,0,1008,5743,0,15,0,0
119.7,0,6773,0,6773,0,1041,5725,0,7,0,0
119.8,0,6787,0,6787,0,996,5777,0,14,0,0
119.9,0,6804,0,6804,0,1037,5750,0,17,0,0
120,0,6817,0,6817,0,963,5841,0,13,0,0
120.1,0,6841,0,6841,0,984,5833,0,24,0,0
120.2,0,6853,0,6853,0,986,5855,0,12,0,0
120.3,0,6864,0,6864,0,1005,5848,0,11,0,0
120.4,0,6879,0,6879,0,1050,5814,0,15,0,0
120.5,0,6896,0,6896,0,1027,5852,0,17,0,0
120.6,0,6912,0,6912,0,1044,5852,0,16,0,0
120.7,0,6928,0,6928,0,972,5940,0,16,0,0
120.8,0,6946,0,6946,0,995,5933,0,18,0,0
120.9,0,6959,0,6959,0,1007,5939,0,13,0,0
121,0,6976,0,6976,0,1022,5937,0,17,0,0
121.1,0,6995,0,6995,0,1034,5942,0,19,0,0
121.2,0,7012,0,7012,0,1014,5981,0,17,0,0
121.3,0,7033,0,7033,0,1039,5973,0,21,0,0
121.4,0,7049,0,7049,0,1020,6013,0,16,0,0
121.5,0,7066,0,7066,0,1063,5986,0,17,0,0
121.6,0,7083,0,7083,0,1029,6037,0,17,0,0
121.7,0,7099,0,7099,0,1043,6040,0,16,0,0
121.8,0,7113,0,7113,0,1081,6018,0,14,0,0
121.9,0,7127,0,7127,0,1118,5995,0,14,0,0
122,0,7142,0,7142,0,1043,6084,0,15,0,0
122.1,0,7158,0,7158,0,1052,6090,0,16,0,0
122.2,0,7172,0,7172,0,1071,6087,0,14,0,0
122.3,0,7186,0,7186,0,1032,6140,0,14,0,0
122.4,0,7202,0,7202,0,1064,6122,0,16,0,0
122.5,0,7214,0,7214,0,1082,6120,0,12,0,0
122.6,0,7235,0,7235,0,1078,6136,0,21,0,0
122.7,0,7251,0,7251,0,1030,6205,0,16,0,0
122.8,0,7267,0,7267,0,1055,6196,0,16,0,0
122.9,0,7279,0,7279,0,1048,6219,0,12,0,0
123,0,7289,0,7289,0,1035,6244,0,10,0,0
123.1,0,7308,0,7308,0,1055,6234,0,19,0,0
123.2,0,7318,0,7318,0,1034,6274,0,10,0,0
123.3,0,7339,0,7339,0,1066,6252,0,21,0,0
123.4,0,7357,0,7357,0,1056,6283,0,18,0,0
123.5,0,7377,0,7377,0,1087,6270,0,20,0,0
123.6,0,7398,0,7398,0,1039,6338,0,21,0,0
123.7,0,7413,0,7413,0,1087,6311,0,15,0,0
123.8,0,7437,0,7437,0,1140,6273,0,24,0,0
123.9,0,7451,0,7451,0,1047,6390,0,14,0,0
124,0,7463,0,7463,0,1105,6346,0,12,0,0
124.1,0,7476,0,7476,0,1082,6381,0,13,0,0
124.2,0,7500,0,7500,0,1064,6412,0,24,0,0
124.3,0,7520,0,7520,0,1146,6354,0,20,0,0
124.4,0,7538,0,7538,0,1071,6449,0,18,0,0
124.5,0,7555,0,7555,0,1093,6445,0,17,0,0
124.6,0,7570,0,7570,0,1068,6487,0,15,0,0
124.7,0,7584,0,7584,0,1119,6451,0,14,0,0
124.8,0,7597,0,7597,0,1079,6505,0,13,0,0
124.9,0,7620,0,7620,0,1126,6471,0,23,0,0
125,0,7638,0,7638,0,1101,6519,0,18,0,0
125.1,0,7653,0,7653,0,1084,6554,0,15,0,0
125.2,0,7671,0,7671,0,1113,6540,0,18,0,0
125.3,0,7689,0,7689,0,1122,6549,0,18,0,0
125.4,0,7707,0,7707,0,1150,6539,0,18,0,0
125.5,0,7727,0,7727,0,1158,6549,0,20,0,0
125.6,0,7758,0,7758,0,1156,6571,0,31,0,0
125.7,0,7774,0,7774,0,1094,6664,0,16,0,0
125.8,0,7795,0,7795,0,1129,6645,0,21,0,0
125.9,0,7817,0,7817,0,1146,6649,0,22,0,0
126,0,7835,0,7835,0,1141,6676,0,18,0,0
126.1,0,7855,0,7855,0,1072,6763,0,20,0,0
126.2,0,7874,0,7874,0,1103,6752,0,19,0,0
126.3,0,7887,0,7887,0,1163,6711,0,13,0,0
126.4,0,7903,0,7903,0,1137,6750,0,16,0,0
126.5,0,7919,0,7919,0,1126,6777,0,16,0,0
126.6,0,7940,0,7940,0,1060,6859,0,21,0,0
126.7,0,7960,0,7960,0,1167,6773,0,20,0,0
126.8,0,7979,0,7979,0,1149,6811,0,19,0,0
126.9,0,7997,0,7997,0,1113,6866,0,18,0,0
127,0,8013,0,8013,0,1064,6933,0,16,0,0
127.1,0,8029,0,8029,0,1145,6868,0,16,0,0
127.2,0,8046,0,8046,0,1191,6838,0,17,0,0
127.3,0,8062,0,8062,0,1144,6902,0,16,0,0
127.4,0,8088,0,8088,0,1172,6890,0,26,0,0
127.5,0,8110,0,8110,0,1202,6886,0,22,0,0
127.6,0,8136,0,8136,0,1146,6964,0,26,0,0
127.7,0,8156,0,8156,0,1183,6953,0,20,0,0
127.8,0,8165,0,8165,0,1211,6945,0,9,0,0
127.9,0,8187,0,8187,0,1148,7017,0,22,0,0
128,0,8206,0,8206,0,1139,7048,0,19,0,0
128.1,0,8216,0,8216,0,1201,7005,0,10,0,0
128.2,0,8231,0,8231,0,1129,7087,0,15,0,0
128.3,0,8247,0,8247,0,1180,7051,0,16,0,0
128.4,0,8271,0,8271,0,1155,7092,0,24,0,0
128.5,0,8290,0,8290,0,1174,7097,0,19,0,0
128.6,0,8303,0,8303,0,1219,7071,0,13,0,0
128.7,0,8326,0,8326,0,1201,7102,0,23,0,0
128.8,0,8348,0,8348,0,1193,7133,0,22,0,0
128.9,0,8368,0,8368,0,1193,7155,0,20,0,0
129,0,8386,0,8386,0,1164,7204,0,18,0,0
129.1,0,8403,0,8403,0,1234,7152,0,17,0,0
129.2,0,8419,0,8419,0,1228,7175,0,16,0,0
129.3,0,8439,0,8439,0,1207,7212,0,20,0,0
129.4,0,8464,0,8464,0,1216,7223,0,25,0,0
129.5,0,8477,0,8477,0,1242,7222,0,13,0,0
129.6,0,8492,0,8492,0,1214,7263,0,15,0,0
129.7,0,8510,0,8510,0,1211,7281,0,18,0,0
129.8,0,8524,0,8524,0,1190,7320,0,14,0,0
129.9,0,8547,0,8547,0,1210,7314,0,23,0,0
130,0,8567,0,8567,0,1242,7305,0,20,0,0
130.1,0,8581,0,8581,0,1228,7339,0,14,0,0
130.2,0,8608,0,8608,0,1206,7375,0,27,0,0
130.3,0,8621,0,8621,0,1229,7379,0,13,0,0
130.4,0,8648,0,8648,0,1221,7400,0,27,0,0
130.5,0,8670,0,8670,0,1179,7469,0,22,0,0
130.6,0,8688,0,8688,0,1238,7432,0,18,0,0
130.7,0,8707,0,8707,0,1250,7438,0,19,0,0
130.8,0,8725,0,8725,0,1212,7495,0,18,0,0
130.9,0,8750,0,8750,0,1226,7499,0,25,0,0
131,0,8772,0,8772,0,1257,7493,0,22,0,0
131.1,0,8790,0,8790,0,1236,7536,0,18,0,0
131.2,0,8812,0,8812,0,1253,7537,0,22,0,0
131.3,0,8833,0,8833,0,1236,7576,0,21,0,0
131.4,0,8843,0,8843,0,1231,7602,0,10,0,0
131.5,0,8859,0,8859,0,1247,7596,0,16,0,0
131.6,0,8874,0,8874,0,1255,7604,0,15,0,0
131.7,0,8901,0,8901,0,1250,7624,0,27,0,0
131.8,0,8921,0,8921,0,1259,7642,0,20,0,0
131.9,0,8943,0,8943,0,1285,7636,0,22,0,0
132,0,8959,0,8959,0,1278,7665,0,16,0,0
132.1,0,8981,0,8981,0,1299,7660,0,22,0,0
132.2,0,9001,0,9001,0,1229,7752,0,20,0,0
132.3,0,9023,0,9023,0,1276,7725,0,22,0,0
132.4,0,9039,0,9039,0,1297,7726,0,16,0,0
132.5,0,9052,0,9052,0,1249,7790,0,13,0,0
132.6,0,9078,0,9078,0,1239,7813,0,26,0,0
132.7,0,9101,0,9101,0,1327,7751,0,23,0,0
132.8,0,9120,0,9120,0,1253,7848,0,19,0,0
132.9,0,9148,0,9148,0,1256,7864,0,28,0,0
133,0,9163,0,9163,0,1341,7807,0,15,0,0
133.1,0,9185,0,9185,0,1247,7916,0,22,0,0
133.2,0,9202,0,9202,0,1322,7863,0,17,0,0
133.3,0,9220,0,9220,0,1311,7891,0,18,0,0
133.4,0,9237,0,9237,0,1328,7892,0,17,0,0
133.5,0,9251,0,9251,0,1289,7948,0,14,0,0
133.6,0,9270,0,9270,0,1284,7967,0,19,0,0
133.7,0,9296,0,9296,0,1250,8020,0,26,0,0
133.8,0,9311,0,9311,0,1271,8025,0,15,0,0
133.9,0,9335,0,9335,0,1312,7999,0,24,0,0
134,0,9358,0,9358,0,1323,8012,0,23,0,0
134.1,0,9380,0,9380,0,1298,8060,0,22,0,0
134.2,0,9412,0,9412,0,1256,8124,0,32,0,0
134.3,0,9427,0,9427,0,1320,8092,0,15,0,0
134.4,0,9445,0,9445,0,1323,8104,0,18,0,0
134.5,0,9464,0,9464,0,1343,8102,0,19,0,0
134.6,0,9486,0,9486,0,1296,8168,0,22,0,0
134.7,0,9505,0,9505,0,1250,8236,0,19,0,0
134.8,0,9523,0,9523,0,1272,8233,0,18,0,0
134.9,0,9540,0,9540,0,1285,8238,0,17,0,0
135,0,9558,0,9558,0,1318,8222,0,18,0,0
135.1,0,9578,0,9578,0,1351,8207,0,20,0,0
135.2,0,9590,0,9590,0,1302,8276,0,12,0,0
135.3,0,9612,0,9612,0,1330,8260,0,22,0,0
135.4,0,9622,0,9622,0,1279,8333,0,10,0,0
135.5,0,9637,0,9637,0,1321,8301,0,15,0,0
135.6,0,9654,0,9654,0,1338,8299,0,17,0,0
135.7,0,9666,0,9666,0,1371,8283,0,12,0,0
135.8,0,9684,0,9684,0,1326,8340,0,18,0,0
135.9,0,9714,0,9714,0,1371,8313,0,30,0,0
136,0,9730,0,9730,0,1269,8445,0,16,0,0
136.1,0,9747,0,9747,0,1297,8433,0,17,0,0
136.2,0,9773,0,9773,0,1369,8378,0,26,0,0
136.3,0,9788,0,9788,0,1326,8447,0,15,0,0
136.4,0,9803,0,9803,0,1348,8440,0,15,0,0
136.5,0,9822,0,9822,0,1300,8503,0,19,0,0
136.6,0,9837,0,9837,0,1317,8505,0,15,0,0
136.7,0,9861,0,9861,0,1304,8533,0,24,0,0
136.8,0,9877,0,9877,0,1349,8512,0,16,0,0
136.9,0,9895,0,9895,0,1336,8541,0,18,0,0
137,0,9910,0,9910,0,1363,8532,0,15,0,0
137.1,0,9929,0,9929,0,1382,8528,0,19,0,0
137.2,0,9942,0,9942,0,1288,8641,0,13,0,0
137.3,0,9958,0,9958,0,1345,8597,0,16,0,0
137.4,0,9973,0,9973,0,1377,8581,0,15,0,0
137.5,0,9989,0,9989,0,1303,8670,0,16,0,0
137.6,0,10013,0,10013,0,1371,8618,0,24,0,0
137.7,0,10030,0,10030,0,1416,8597,0,17,0,0
137.8,0,10052,0,10052,0,1361,8669,0,22,0,0
137.9,0,10077,0,10077,0,1380,8672,0,25,0,0
138,0,10087,0,10087,0,1433,8644,0,10,0,0
138.1,0,10110,0,10110,0,1357,8730,0,23,0,0
138.2,0,10128,0,10128,0,1370,8740,0,18,0,0
138.3,0,10151,0,10151,0,1406,8722,0,23,0,0
138.4,0,10171,0,10171,0,1383,8768,0,20,0,0
138.5,0,10190,0,10190,0,1391,8780,0,19,0,0
138.6,0,10217,0,10217,0,1373,8817,0,27,0,0
138.7,0,10230,0,10230,0,1399,8818,0,13,0,0
138.8,0,10241,0,10241,0,1430,8800,0,11,0,0
138.9,0,10266,0,10266,0,1487,8754,0,25,0,0
139,0,10294,0,10294,0,1347,8919,0,28,0,0
139.1,0,10318,0,10318,0,1433,8861,0,24,0,0
139.2,0,10342,0,10342,0,1421,8897,0,24,0,0
139.3,0,10368,0,10368,0,1439,8903,0,26,0,0
139.4,0,10390,0,10390,0,1371,8997,0,22,0,0
139.5,0,10411,0,10411,0,1437,8953,0,21,0,0
139.6,0,10434,0,10434,0,1363,9048,0,23,0,0
139.7,0,10452,0,10452,0,1427,9007,0,18,0,0
139.8,0,10467,0,10467,0,1409,9043,0,15,0,0
139.9,0,10490,0,10490,0,1413,9054,0,23,0,0
140,0,10511,0,10511,0,1434,9056,0,21,0,0
140.1,0,10528,0,10528,0,1464,9047,0,17,0,0
140.2,0,10551,0,10551,0,1436,9092,0,23,0,0
140.3,0,10569,0,10569,0,1475,9076,0,18,0,0
140.4,0,10587,0,10587,0,1413,9156,0,18,0,0
140.5,0,10605,0,10605,0,1375,9212,0,18,0,0
140.6,0,10622,0,10622,0,1413,9192,0,17,0,0
140.7,0,10642,0,10642,0,1427,9195,0,20,0,0
140.8,0,10662,0,10662,0,1382,9260,0,20,0,0
140.9,0,10686,0,10686,0,1435,9227,0,24,0,0
141,0,10709,0,10709,0,1444,9242,0,23,0,0
141.1,0,10738,0,10738,0,1454,9255,0,29,0,0
141.2,0,10758,0,10758,0,1390,9348,0,20,0,0
141.3,0,10778,0,10778,0,1432,9326,0,20,0,0
141.4,0,10805,0,10805,0,1464,9314,0,27,0,0
141.5,0,10828,0,10828,0,1425,9380,0,23,0,0
141.6,0,10849,0,10849,0,1460,9368,0,21,0,0
141.7,0,10865,0,10865,0,1503,9346,0,16,0,0
141.8,0,10894,0,10894,0,1473,9392,0,29,0,0
141.9,0,10915,0,10915,0,1484,9410,0,21,0,0
142,0,10940,0,10940,0,1463,9452,0,25,0,0
142.1,0,10966,0,10966,0,1470,9470,0,26,0,0
142.2,0,10981,0,10981,0,1471,9495,0,15,0,0
142.3,0,11006,0,11006,0,1519,9462,0,25,0,0
142.4,0,11031,0,11031,0,1429,9577,0,25,0,0
142.5,0,11056,0,11056,0,1510,9521,0,25,0,0
142.6,0,11075,0,11075,0,1434,9622,0,19,0,0
142.7,0,11100,0,11100,0,1456,9619,0,25,0,0
142.8,0,11118,0,11118,0,1535,9565,0,18,0,0
142.9,0,11144,0,11144,0,1504,9614,0,26,0,0
143,0,11165,0,11165,0,1514,9630,0,21,0,0
143.1,0,11186,0,11186,0,1430,9735,0,21,0,0
143.2,0,11208,0,11208,0,1561,9625,0,22,0,0
143.3,0,11229,0,11229,0,1456,9752,0,21,0,0
143.4,0,11256,0,11256,0,1496,9733,0,27,0,0
143.5,0,11275,0,11275,0,1518,9738,0,19,0,0
143.6,0,11309,0,11309,0,1558,9717,0,34,0,0
143.7,0,11336,0,11336,0,1521,9788,0,27,0,0
143.8,0,11369,0,11369,0,1459,9877,0,33,0,0
143.9,0,11388,0,11388,0,1583,9786,0,19,0,0
144,0,11412,0,11412,0,1534,9854,0,24,0,0
144.1,0,11442,0,11442,0,1509,9903,0,30,0,0
144.2,0,11472,0,11472,0,1543,9899,0,30,0,0
144.3,0,11491,0,11491,0,1526,9946,0,19,0,0
144.4,0,11509,0,11509,0,1524,9967,0,18,0,0
144.5,0,11537,0,11537,0,1470,10039,0,28,0,0
144.6,0,11559,0,11559,0,1548,9989,0,22,0,0
144.7,0,11587,0,11587,0,1576,9983,0,28,0,0
144.8,0,11619,0,11619,0,1633,9954,0,32,0,0
144.9,0,11645,0,11645,0,1607,10012,0,26,0,0
145,0,11675,0,11675,0,1562,10083,0,30,0,0
145.1,0,11710,0,11710,0,1544,10131,0,35,0,0
145.2,0,11731,0,11731,0,1629,10081,0,21,0,0
145.3,0,11759,0,11759,0,1606,10125,0,28,0,0
145.4,0,11783,0,11783,0,1515,10244,0,24,0,0
145.5,0,11801,0,11801,0,1581,10202,0,18,0,0
145.6,0,11817,0,11817,0,1575,10226,0,16,0,0
145.7,0,11840,0,11840,0,1613,10204,0,23,0,0
145.8,0,11861,0,11861,0,1598,10242,0,21,0,0
145.9,0,11889,0,11889,0,1544,10317,0,28,0,0
146,0,11913,0,11913,0,1543,10346,0,24,0,0
146.1,0,11935,0,11935,0,1654,10259,0,22,0,0
146.2,0,11967,0,11967,0,1569,10366,0,32,0,0
146.3,0,11993,0,11993,0,1577,10390,0,26,0,0
146.4,0,12026,0,12026,0,1582,10411,0,33,0,0
146.5,0,12050,0,12050,0,1587,10439,0,24,0,0
146.6,0,12069,0,12069,0,1599,10451,0,19,0,0
146.7,0,12088,0,12088,0,1615,10454,0,19,0,0
146.8,0,12109,0,12109,0,1698,10390,0,21,0,0
146.9,0,12133,0,12133,0,1640,10469,0,24,0,0
147,0,12154,0,12154,0,1676,10457,0,21,0,0
147.1,0,12180,0,12180,0,1611,10543,0,26,0,0
147.2,0,12198,0,12198,0,1645,10535,0,18,0,0
147.3,0,12226,0,12226,0,1622,10576,0,28,0,0
147.4,0,12248,0,12248,0,1609,10617,0,22,0,0
147.5,0,12280,0,12280,0,1641,10607,0,32,0,0
147.6,0,12305,0,12305,0,1632,10648,0,25,0,0
147.7,0,12327,0,12327,0,1625,10680,0,22,0,0
147.8,0,12351,0,12351,0,1613,10714,0,24,0,0
147.9,0,12371,0,12371,0,1655,10696,0,20,0,0
148,0,12397,0,12397,0,1692,10679,0,26,0,0
148.1,0,12421,0,12421,0,1582,10815,0,24,0,0
148.2,0,12446,0,12446,0,1695,10726,0,25,0,0
148.3,0,12476,0,12476,0,1678,10768,0,30,0,0
148.4,0,12501,0,12501,0,1699,10777,0,25,0,0
148.5,0,12524,0,12524,0,1655,10846,0,23,0,0
148.6,0,12547,0,12547,0,1596,10928,0,23,0,0
148.7,0,12582,0,12582,0,1702,10845,0,35,0,0
148.8,0,12610,0,12610,0,1644,10938,0,28,0,0
148.9,0,12633,0,12633,0,1637,10973,0,23,0,0
149,0,12657,0,12657,0,1693,10940,0,24,0,0
149.1,0,12683,0,12683,0,1691,10966,0,26,0,0
149.2,0,12717,0,12717,0,1614,11069,0,34,0,0
149.3,0,12737,0,12737,0,1741,10976,0,20,0,0
149.4,0,12766,0,12766,0,1665,11072,0,29,0,0
149.5,0,12790,0,12790,0,1683,11083,0,24,0,0
149.6,0,12805,0,12805,0,1610,11180,0,15,0,0
149.7,0,12828,0,12828,0,1639,11166,0,23,0,0
149.8,0,12860,0,12860,0,1761,11067,0,32,0,0
149.9,0,12890,0,12890,0,1700,11160,0,30,0,0
150,0,12913,0,12913,0,1745,11145,0,23,0,0
150.1,0,12938,0,12938,0,1723,11190,0,25,0,0
150.2,0,12967,0,12967,0,1652,11286,0,29,0,0
150.3,0,12995,0,12995,0,1683,11284,0,28,0,0
150.4,0,13020,0,13020,0,1768,11227,0,25,0,0
150.5,0,13036,0,13036,0,1695,11325,0,16,0,0
150.6,0,13061,0,13061,0,1732,11304,0,25,0,0
150.7,0,13090,0,13090,0,1811,11250,0,29,0,0
150.8,0,13111,0,13111,0,1793,11297,0,21,0,0
150.9,0,13141,0,13141,0,1756,11355,0,30,0,0
151,0,13179,0,13179,0,1706,11435,0,38,0,0
151.1,0,13216,0,13216,0,1689,11490,0,37,0,0
151.2,0,13249,0,13249,0,1765,11451,0,33,0,0
151.3,0,13278,0,13278,0,1766,11483,0,29,0,0
151.4,0,13307,0,13307,0,1734,11544,0,29,0,0
151.5,0,13339,0,13339,0,1807,11500,0,32,0,0
151.6,0,13371,0,13371,0,1803,11536,0,32,0,0
151.7,0,13394,0,13394,0,1760,11611,0,23,0,0
151.8,0,13427,0,13427,0,1734,11660,0,33,0,0
151.9,0,13452,0,13452,0,1804,11623,0,25,0,0
152,0,13475,0,13475,0,1787,11665,0,23,0,0
152.1,0,13494,0,13494,0,1708,11767,0,19,0,0
152.2,0,13527,0,13527,0,1762,11732,0,33,0,0
152.3,0,13569,0,13569,0,1807,11720,0,42,0,0
152.4,0,13597,0,13597,0,1777,11792,0,28,0,0
152.5,0,13629,0,13629,0,1797,11800,0,32,0,0
152.6,0,13658,0,13658,0,1829,11800,0,29,0,0
152.7,0,13689,0,13689,0,1785,11873,0,31,0,0
152.8,0,13723,0,13723,0,1815,11874,0,34,0,0
152.9,0,13752,0,13752,0,1789,11934,0,29,0,0
153,0,13776,0,13776,0,1783,11969,0,24,0,0
153.1,0,13799,0,13799,0,1834,11942,0,23,0,0
153.2,0,13826,0,13826,0,1810,11989,0,27,0,0
153.3,0,13857,0,13857,0,1751,12075,0,31,0,0
153.4,0,13892,0,13892,0,1768,12089,0,35,0,0
153.5,0,13919,0,13919,0,1774,12118,0,27,0,0
153.6,0,13944,0,13944,0,1805,12114,0,25,0,0
153.7,0,13967,0,13967,0,1812,12132,0,23,0,0
153.8,0,13995,0,13995,0,1804,12163,0,28,0,0
153.9,0,14020,0,14020,0,1832,12163,0,25,0,0
154,0,14041,0,14041,0,1771,12249,0,21,0,0
154.1,0,14066,0,14066,0,1874,12167,0,25,0,0
154.2,0,14099,0,14099,0,1812,12254,0,33,0,0
154.3,0,14126,0,14126,0,1747,12352,0,27,0,0
154.4,0,14149,0,14149,0,1762,12364,0,23,0,0
154.5,0,14175,0,14175,0,1896,12253,0,26,0,0
154.6,0,14204,0,14204,0,1826,12349,0,29,0,0
154.7,0,14229,0,14229,0,1807,12397,0,25,0,0
154.8,0,14254,0,14254,0,1792,12437,0,25,0,0
154.9,0,14279,0,14279,0,1884,12370,0,25,0,0
155,0,14311,0,14311,0,1900,12379,0,32,0,0
155.1,0,14351,0,14351,0,1824,12487,0,40,0,0
155.2,0,14389,0,14389,0,1778,12573,0,38,0,0
155.3,0,14422,0,14422,0,1772,12617,0,33,0,0
155.4,0,14451,0,14451,0,1838,12584,0,29,0,0
155.5,0,14469,0,14469,0,1781,12670,0,18,0,0
155.6,0,14484,0,14484,0,1898,12571,0,15,0,0
155.7,0,14514,0,14514,0,1864,12620,0,30,0,0
155.8,0,14536,0,14536,0,1842,12672,0,22,0,0
155.9,0,14562,0,14562,0,1914,12622,0,26,0,0
156,0,14591,0,14591,0,1882,12680,0,29,0,0
156.1,0,14618,0,14618,0,1954,12637,0,27,0,0
156.2,0,14643,0,14643,0,1901,12717,0,25,0,0
156.3,0,14672,0,14672,0,1877,12766,0,29,0,0
156.4,0,14699,0,14699,0,1837,12835,0,27,0,0
156.5,0,14725,0,14725,0,1829,12870,0,26,0,0
156.6,0,14751,0,14751,0,1961,12764,0,26,0,0
156.7,0,14779,0,14779,0,1906,12845,0,28,0,0
156.8,0,14816,0,14816,0,1850,12929,0,37,0,0
156.9,0,14837,0,14837,0,1907,12909,0,21,0,0
157,0,14867,0,14867,0,1880,12957,0,30,0,0
157.1,0,14884,0,14884,0,1886,12981,0,17,0,0
157.2,0,14909,0,14909,0,1854,13030,0,25,0,0
157.3,0,14941,0,14941,0,1921,12988,0,32,0,0
157.4,0,14976,0,14976,0,1896,13045,0,35,0,0
157.5,0,15006,0,15006,0,1934,13042,0,30,0,0
157.6,0,15042,0,15042,0,1881,13125,0,36,0,0
157.7,0,15076,0,15076,0,1868,13174,0,34,0,0
157.8,0,15107,0,15107,0,1899,13177,0,31,0,0
157.9,0,15136,0,15136,0,1917,13190,0,29,0,0
158,0,15163,0,15163,0,1989,13147,0,27,0,0
158.1,0,15197,0,15197,0,1956,13207,0,34,0,0
158.2,0,15224,0,15224,0,1983,13214,0,27,0,0
158.3,0,15250,0,15250,0,1925,13299,0,26,0,0
158.4,0,15282,0,15282,0,1880,13370,0,32,0,0
158.5,0,15301,0,15301,0,1941,13341,0,19,0,0
158.6,0,15321,0,15321,0,1979,13322,0,20,0,0
158.7,0,15352,0,15352,0,1979,13342,0,31,0,0
158.8,0,15382,0,15382,0,1926,13426,0,30,0,0
158.9,0,15411,0,15411,0,1994,13388,0,29,0,0
159,0,15442,0,15442,0,1966,13445,0,31,0,0
159.1,0,15473,0,15473,0,1925,13517,0,31,0,0
159.2,0,15494,0,15494,0,1947,13526,0,21,0,0
159.3,0,15524,0,15524,0,1989,13505,0,30,0,0
159.4,0,15559,0,15559,0,1924,13600,0,35,0,0
159.5,0,15582,0,15582,0,1938,13621,0,23,0,0
159.6,0,15606,0,15606,0,2006,13576,0,24,0,0
159.7,0,15643,0,15643,0,2081,13525,0,37,0,0
159.8,0,15672,0,15672,0,1961,13682,0,29,0,0
159.9,0,15694,0,15694,0,2071,13601,0,22,0,0
160,0,15714,0,15714,0,1917,13777,0,20,0,0
160.1,0,15730,0,15730,0,2000,13714,0,16,0,0
160.2,0,15759,0,15759,0,1960,13770,0,29,0,0
160.3,0,15790,0,15790,0,2051,13708,0,31,0,0
160.4,0,15820,0,15820,0,1956,13834,0,30,0,0
160.5,0,15854,0,15854,0,2031,13789,0,34,0,0
160.6,0,15886,0,15886,0,2023,13831,0,32,0,0
160.7,0,15916,0,15916,0,2075,13811,0,30,0,0
160.8,0,15951,0,15951,0,2111,13805,0,35,0,0
160.9,0,15989,0,15989,0,2058,13893,0,38,0,0
161,0,16014,0,16014,0,2031,13958,0,25,0,0
161.1,0,16044,0,16044,0,2097,13917,0,30,0,0
161.2,0,16079,0,16079,0,2009,14035,0,35,0,0
161.3,0,16103,0,16103,0,2001,14078,0,24,0,0
161.4,0,16137,0,16137,0,2041,14062,0,34,0,0
161.5,0,16169,0,16169,0,2014,14123,0,32,0,0
161.6,0,16206,0,16206,0,2039,14130,0,37,0,0
161.7,0,16225,0,16225,0,2049,14157,0,19,0,0
161.8,0,16253,0,16253,0,2044,14181,0,28,0,0
161.9,0,16278,0,16278,0,2078,14175,0,25,0,0
162,0,16304,0,16304,0,2059,14219,0,26,0,0
162.1,0,16333,0,16333,0,2093,14211,0,29,0,0
162.2,0,16364,0,16364,0,2064,14269,0,31,0,0
162.3,0,16399,0,16399,0,2074,14290,0,35,0,0
162.4,0,16431,0,16431,0,2075,14324,0,32,0,0
162.5,0,16456,0,16456,0,2059,14372,0,25,0,0
162.6,0,16486,0,16486,0,2037,14419,0,30,0,0
162.7,0,16514,0,16514,0,2112,14374,0,28,0,0
162.8,0,16545,0,16545,0,2042,14472,0,31,0,0
162.9,0,16566,0,16566,0,2075,14470,0,21,0,0
163,0,16586,0,16586,0,2132,14434,0,20,0,0
163.1,0,16621,0,16621,0,2132,14454,0,35,0,0
163.2,0,16648,0,16648,0,2058,14563,0,27,0,0
163.3,0,16684,0,16684,0,2089,14559,0,36,0,0
163.4,0,16713,0,16713,0,2095,14589,0,29,0,0
163.5,0,16748,0,16748,0,2109,14604,0,35,0,0
163.6,0,16783,0,16783,0,2119,14629,0,35,0,0
163.7,0,16822,0,16822,0,2113,14670,0,39,0,0
163.8,0,16852,0,16852,0,2048,14774,0,30,0,0
163.9,0,16879,0,16879,0,2130,14722,0,27,0,0
164,0,16919,0,16919,0,2063,14816,0,40,0,0
164.1,0,16947,0,16947,0,2060,14859,0,28,0,0
164.2,0,16972,0,16972,0,2076,14871,0,25,0,0
164.3,0,17000,0,17000,0,2135,14837,0,28,0,0
164.4,0,17017,0,17017,0,2148,14852,0,17,0,0
164.5,0,17056,0,17056,0,2120,14897,0,39,0,0
164.6,0,17087,0,17087,0,2105,14951,0,31,0,0
164.7,0,17117,0,17117,0,2140,14947,0,30,0,0
164.8,0,17143,0,17143,0,2137,14980,0,26,0,0
164.9,0,17169,0,17169,0,2121,15022,0,26,0,0
165,0,17205,0,17205,0,2162,15007,0,36,0,0
165.1,0,17247,0,17247,0,2175,15030,0,42,0,0
165.2,0,17284,0,17284,0,2113,15134,0,37,0,0
165.3,0,17311,0,17311,0,2179,15105,0,27,0,0
165.4,0,17337,0,17337,0,2213,15098,0,26,0,0
165.5,0,17375,0,17375,0,2154,15183,0,38,0,0
165.6,0,17408,0,17408,0,2229,15146,0,33,0,0
165.7,0,17447,0,17447,0,2182,15226,0,39,0,0
165.8,0,17486,0,17486,0,2218,15229,0,39,0,0
165.9,0,17514,0,17514,0,2133,15353,0,28,0,0
166,0,17552,0,17552,0,2138,15376,0,38,0,0
166.1,0,17580,0,17580,0,2202,15350,0,28,0,0
166.2,0,17610,0,17610,0,2133,15447,0,30,0,0
166.3,0,17639,0,17639,0,2221,15389,0,29,0,0
166.4,0,17686,0,17686,0,2313,15326,0,47,0,0
166.5,0,17720,0,17720,0,2216,15470,0,34,0,0
166.6,0,17765,0,17765,0,2257,15463,0,45,0,0
166.7,0,17801,0,17801,0,2217,15548,0,36,0,0
166.8,0,17837,0,17837,0,2149,15652,0,36,0,0
166.9,0,17869,0,17869,0,2229,15608,0,32,0,0
167,0,17906,0,17906,0,2261,15608,0,37,0,0
167.1,0,17959,0,17959,0,2191,15715,0,53,0,0
167.2,0,17996,0,17996,0,2186,15773,0,37,0,0
167.3,0,18037,0,18037,0,2309,15687,0,41,0,0
167.4,0,18065,0,18065,0,2256,15781,0,28,0,0
167.5,0,18104,0,18104,0,2298,15767,0,39,0,0
167.6,0,18150,0,18150,0,2281,15823,0,46,0,0
167.7,0,18183,0,18183,0,2317,15833,0,33,0,0
167.8,0,18207,0,18207,0,2237,15946,0,24,0,0
167.9,0,18241,0,18241,0,2209,15998,0,34,0,0
168,0,18290,0,18290,0,2248,15993,0,49,0,0
168.1,0,18314,0,18314,0,2224,16066,0,24,0,0
168.2,0,18357,0,18357,0,2230,16084,0,43,0,0
168.3,0,18399,0,18399,0,2351,16006,0,42,0,0
168.4,0,18438,0,18438,0,2308,16091,0,39,0,0
168.5,0,18484,0,18484,0,2332,16106,0,46,0,0
168.6,0,18519,0,18519,0,2326,16158,0,35,0,0
168.7,0,18553,0,18553,0,2256,16263,0,34,0,0
168.8,0,18591,0,18591,0,2324,16229,0,38,0,0
168.9,0,18621,0,18621,0,2255,16336,0,30,0,0
169,0,18658,0,18658,0,2291,16330,0,37,0,0
169.1,0,18690,0,18690,0,2261,16397,0,32,0,0
169.2,0,18729,0,18729,0,2259,16431,0,39,0,0
169.3,0,18759,0,18759,0,2280,16449,0,30,0,0
169.4,0,18786,0,18786,0,2306,16453,0,27,0,0
169.5,0,18817,0,18817,0,2342,16444,0,31,0,0
169.6,0,18844,0,18844,0,2279,16538,0,27,0,0
169.7,0,18890,0,18890,0,2325,16519,0,46,0,0
169.8,0,18927,0,18927,0,2305,16585,0,37,0,0
169.9,0,18967,0,18967,0,2382,16545,0,40,0,0
170,0,19008,0,19008,0,2319,16648,0,41,0,0
170.1,0,19047,0,19047,0,2376,16632,0,39,0,0
170.2,0,19083,0,19083,0,2361,16686,0,36,0,0
170.3,0,19113,0,19113,0,2306,16777,0,30,0,0
170.4,0,19144,0,19144,0,2318,16795,0,31,0,0
170.5,0,19180,0,19180,0,2355,16789,0,36,0,0
170.6,0,19224,0,19224,0,2377,16803,0,44,0,0
170.7,0,19269,0,19269,0,2354,16870,0,45,0,0
170.8,0,19303,0,19303,0,2392,16877,0,34,0,0
170.9,0,19342,0,19342,0,2335,16968,0,39,0,0
171,0,19383,0,19383,0,2409,16933,0,41,0,0
171.1,0,19427,0,19427,0,2332,17051,0,44,0,0
171.2,0,19477,0,19477,0,2407,17020,0,50,0,0
171.3,0,19520,0,19520,0,2422,17055,0,43,0,0
171.4,0,19559,0,19559,0,2395,17125,0,39,0,0
171.5,0,19598,0,19598,0,2424,17135,0,39,0,0
171.6,0,19634,0,19634,0,2516,17082,0,36,0,0
171.7,0,19668,0,19668,0,2368,17266,0,34,0,0
171.8,0,19716,0,19716,0,2399,17269,0,48,0,0
171.9,0,19753,0,19753,0,2414,17302,0,37,0,0
172,0,19789,0,19789,0,2382,17371,0,36,0,0
172.1,0,19841,0,19841,0,2406,17383,0,52,0,0
172.2,0,19867,0,19867,0,2415,17426,0,26,0,0
172.3,0,19905,0,19905,0,2418,17449,0,38,0,0
172.4,0,19957,0,19957,0,2415,17490,0,52,0,0
172.5,0,19993,0,19993,0,2457,17500,0,36,0,0
172.6,0,20028,0,20028,0,2451,17542,0,35,0,0
172.7,0,20069,0,20069,0,2500,17528,0,41,0,0
172.8,0,20112,0,20112,0,2440,17629,0,43,0,0
172.9,0,20144,0,20144,0,2452,17660,0,32,0,0
173,0,20180,0,20180,0,2476,17668,0,36,0,0
173.1,0,20220,0,20220,0,2526,17654,0,40,0,0
173.2,0,20250,0,20250,0,2428,17792,0,30,0,0
173.3,0,20300,0,20300,0,2507,17743,0,50,0,0
173.4,0,20335,0,20335,0,2466,17834,0,35,0,0
173.5,0,20369,0,20369,0,2487,17848,0,34,0,0
173.6,0,20410,0,20410,0,2526,17843,0,41,0,0
173.7,0,20446,0,20446,0,2501,17909,0,36,0,0
173.8,0,20493,0,20493,0,2473,17973,0,47,0,0
173.9,0,20525,0,20525,0,2513,17980,0,32,0,0
174,0,20548,0,20548,0,2490,18035,0,23,0,0
174.1,0,20600,0,20600,0,2571,17977,0,52,0,0
174.2,0,20636,0,20636,0,2523,18077,0,36,0,0
174.3,0,20668,0,20668,0,2505,18131,0,32,0,0
174.4,0,20716,0,20716,0,2489,18179,0,48,0,0
174.5,0,20752,0,20752,0,2458,18258,0,36,0,0
174.6,0,20786,0,20786,0,2573,18179,0,34,0,0
174.7,0,20813,0,20813,0,2539,18247,0,27,0,0
174.8,0,20861,0,20861,0,2520,18293,0,48,0,0
174.9,0,20892,0,20892,0,2566,18295,0,31,0,0
175,0,20923,0,20923,0,2592,18300,0,31,0,0
175.1,0,20953,0,20953,0,2571,18352,0,30,0,0
175.2,0,20986,0,20986,0,2531,18422,0,33,0,0
175.3,0,21024,0,21024,0,2547,18439,0,38,0,0
175.4,0,21050,0,21050,0,2544,18480,0,26,0,0
175.5,0,21091,0,21091,0,2533,18517,0,41,0,0
175.6,0,21125,0,21125,0,2561,18530,0,34,0,0
175.7,0,21153,0,21153,0,2562,18563,0,28,0,0
175.8,0,21180,0,21180,0,2582,18571,0,27,0,0
175.9,0,21225,0,21225,0,2549,18631,0,45,0,0
176,0,21261,0,21261,0,2615,18610,0,36,0,0
176.1,0,21290,0,21290,0,2586,18675,0,29,0,0
176.2,0,21328,0,21328,0,2580,18710,0,38,0,0
176.3,0,21372,0,21372,0,2593,18735,0,44,0,0
176.4,0,21406,0,21406,0,2602,18770,0,34,0,0
176.5,0,21445,0,21445,0,2568,18838,0,39,0,0
176.6,0,21481,0,21481,0,2555,18890,0,36,0,0
176.7,0,21516,0,21516,0,2582,18899,0,35,0,0
176.8,0,21557,0,21557,0,2590,18926,0,41,0,0
176.9,0,21596,0,21596,0,2577,18980,0,39,0,0
177,0,21637,0,21637,0,2647,18949,0,41,0,0
177.1,0,21659,0,21659,0,2599,19038,0,22,0,0
177.2,0,21713,0,21713,0,2598,19061,0,54,0,0
177.3,0,21750,0,21750,0,2557,19156,0,37,0,0
177.4,0,21788,0,21788,0,2604,19146,0,38,0,0
177.5,0,21829,0,21829,0,2605,19183,0,41,0,0
177.6,0,21878,0,21878,0,2742,19087,0,49,0,0
177.7,0,21923,0,21923,0,2668,19210,0,45,0,0
177.8,0,21946,0,21946,0,2574,19349,0,23,0,0
177.9,0,21986,0,21986,0,2628,19318,0,40,0,0
178,0,22024,0,22024,0,2665,19321,0,38,0,0
178.1,0,22069,0,22069,0,2587,19437,0,45,0,0
178.2,0,22122,0,22122,0,2651,19418,0,53,0,0
178.3,0,22169,0,22169,0,2684,19438,0,47,0,0
178.4,0,22214,0,22214,0,2610,19559,0,45,0,0
178.5,0,22250,0,22250,0,2663,19551,0,36,0,0
178.6,0,22289,0,22289,0,2700,19550,0,39,0,0
178.7,0,22333,0,22333,0,2657,19632,0,44,0,0
178.8,0,22377,0,22377,0,2712,19621,0,44,0,0
178.9,0,22416,0,22416,0,2615,19762,0,39,0,0
179,0,22468,0,22468,0,2698,19718,0,52,0,0
179.1,0,22508,0,22508,0,2672,19796,0,40,0,0
179.2,0,22548,0,22548,0,2649,19859,0,40,0,0
179.3,0,22581,0,22581,0,2698,19850,0,33,0,0
179.4,0,22617,0,22617,0,2684,19897,0,36,0,0
179.5,0,22658,0,22658,0,2708,19909,0,41,0,0
179.6,0,22692,0,22692,0,2696,19962,0,34,0,0
179.7,0,22731,0,22731,0,2668,20024,0,39,0,0
179.8,0,22772,0,22772,0,2685,20046,0,41,0,0
179.9,0,22815,0,22815,0,2631,20141,0,43,0,0
180,0,22858,0,22858,0,2687,20128,0,43,0,0
180.1,0,22902,0,22902,0,2653,20205,0,44,0,0
180.2,0,22954,0,22954,0,2702,20200,0,52,0,0
180.3,0,23003,0,23003,0,2700,20254,0,49,0,0
180.4,0,23061,0,23061,0,2780,20223,0,58,0,0
180.5,0,23079,0,23079,0,2689,20372,0,18,0,0
180.6,0,23126,0,23126,0,2838,20241,0,47,0,0
180.7,0,23173,0,23173,0,2763,20363,0,47,0,0
180.8,0,23217,0,23217,0,2765,20408,0,44,0,0
180.9,0,23249,0,23249,0,2822,20395,0,32,0,0
181,0,23288,0,23288,0,2726,20523,0,39,0,0
181.1,0,23333,0,23333,0,2654,20634,0,45,0,0
181.2,0,23374,0,23374,0,2754,20579,0,41,0,0
181.3,0,23419,0,23419,0,2802,20572,0,45,0,0
181.4,0,23469,0,23469,0,2878,20541,0,50,0,0
181.5,0,23508,0,23508,0,2752,20717,0,39,0,0
181.6,0,23549,0,23549,0,2748,20760,0,41,0,0
181.7,0,23589,0,23589,0,2755,20794,0,40,0,0
181.8,0,23623,0,23623,0,2818,20771,0,34,0,0
181.9,0,23673,0,23673,0,2803,20820,0,50,0,0
182,0,23719,0,23719,0,2760,20913,0,46,0,0
182.1,0,23762,0,23762,0,2830,20889,0,43,0,0
182.2,0,23798,0,23798,0,2918,20844,0,36,0,0
182.3,0,23838,0,23838,0,2723,21075,0,40,0,0
182.4,0,23880,0,23880,0,2751,21087,0,42,0,0
182.5,0,23927,0,23927,0,2850,21030,0,47,0,0
182.6,0,23966,0,23966,0,2860,21067,0,39,0,0
182.7,0,24012,0,24012,0,2936,21030,0,46,0,0
182.8,0,24054,0,24054,0,2840,21172,0,42,0,0
182.9,0,24098,0,24098,0,2878,21176,0,44,0,0
183,0,24138,0,24138,0,2846,21252,0,40,0,0
183.1,0,24186,0,24186,0,2870,21268,0,48,0,0
183.2,0,24227,0,24227,0,2753,21433,0,41,0,0
183.3,0,24273,0,24273,0,2847,21380,0,46,0,0
183.4,0,24319,0,24319,0,2922,21351,0,46,0,0
183.5,0,24374,0,24374,0,2932,21387,0,55,0,0
183.6,0,24416,0,24416,0,2887,21487,0,42,0,0
183.7,0,24452,0,24452,0,2805,21611,0,36,0,0
183.8,0,24496,0,24496,0,2874,21578,0,44,0,0
183.9,0,24540,0,24540,0,2831,21665,0,44,0,0
184,0,24580,0,24580,0,2950,21590,0,40,0,0
184.1,0,24629,0,24629,0,2891,21689,0,49,0,0
184.2,0,24668,0,24668,0,2930,21699,0,39,0,0
184.3,0,24719,0,24719,0,2867,21801,0,51,0,0
184.4,0,24760,0,24760,0,2896,21823,0,41,0,0
184.5,0,24807,0,24807,0,2906,21854,0,47,0,0
184.6,0,24849,0,24849,0,2868,21939,0,42,0,0
184.7,0,24905,0,24905,0,2983,21866,0,56,0,0
184.8,0,24954,0,24954,0,2875,22030,0,49,0,0
184.9,0,25007,0,25007,0,2907,22047,0,53,0,0
185,0,25050,0,25050,0,2956,22051,0,43,0,0
185.1,0,25085,0,25085,0,2943,22107,0,35,0,0
185.2,0,25119,0,25119,0,2935,22150,0,34,0,0
185.3,0,25156,0,25156,0,2961,22158,0,37,0,0
185.4,0,25198,0,25198,0,3007,22149,0,42,0,0
185.5,0,25241,0,25241,0,2928,22270,0,43,0,0
185.6,0,25277,0,25277,0,2830,22411,0,36,0,0
185.7,0,25312,0,25312,0,3024,22253,0,35,0,0
185.8,0,25360,0,25360,0,2881,22431,0,48,0,0
185.9,0,25400,0,25400,0,3017,22343,0,40,0,0
186,0,25447,0,25447,0,3004,22396,0,47,0,0
186.1,0,25485,0,25485,0,2862,22585,0,38,0,0
186.2,0,25533,0,25533,0,2989,22496,0,48,0,0
186.3,0,25577,0,25577,0,3072,22461,0,44,0,0
186.4,0,25623,0,25623,0,3045,22532,0,46,0,0
186.5,0,25657,0,25657,0,3017,22606,0,34,0,0
186.6,0,25703,0,25703,0,3043,22614,0,46,0,0
186.7,0,25744,0,25744,0,2970,22733,0,41,0,0
186.8,0,25792,0,25792,0,2948,22796,0,48,0,0
186.9,0,25845,0,25845,0,3025,22767,0,53,0,0
187,0,25892,0,25892,0,3047,22798,0,47,0,0
187.1,0,25938,0,25938,0,3018,22874,0,46,0,0
187.2,0,25987,0,25987,0,2939,22999,0,49,0,0
187.3,0,26037,0,26037,0,3017,22970,0,50,0,0
187.4,0,26085,0,26085,0,3117,22920,0,48,0,0
187.5,0,26131,0,26131,0,3046,23039,0,46,0,0
187.6,0,26173,0,26173,0,2995,23136,0,42,0,0
187.7,0,26227,0,26227,0,3006,23167,0,54,0,0
187.8,0,26273,0,26273,0,3011,23216,0,46,0,0
187.9,0,26319,0,26319,0,3081,23192,0,46,0,0
188,0,26362,0,26362,0,3098,23221,0,43,0,0
188.1,0,26412,0,26412,0,3017,23345,0,50,0,0
188.2,0,26466,0,26466,0,3143,23269,0,54,0,0
188.3,0,26510,0,26510,0,3074,23392,0,44,0,0
188.4,0,26563,0,26563,0,3058,23452,0,53,0,0
188.5,0,26605,0,26605,0,3053,23510,0,42,0,0
188.6,0,26648,0,26648,0,3152,23453,0,43,0,0
188.7,0,26697,0,26697,0,3120,23528,0,49,0,0
188.8,0,26743,0,26743,0,3096,23601,0,46,0,0
188.9,0,26800,0,26800,0,3118,23625,0,57,0,0
189,0,26847,0,26847,0,3134,23666,0,47,0,0
189.1,0,26891,0,26891,0,3112,23735,0,44,0,0
189.2,0,26950,0,26950,0,3126,23765,0,59,0,0
189.3,0,26997,0,26997,0,3122,23828,0,47,0,0
189.4,0,27042,0,27042,0,3151,23846,0,45,0,0
189.5,0,27104,0,27104,0,3169,23873,0,62,0,0
189.6,0,27157,0,27157,0,3180,23924,0,53,0,0
189.7,0,27202,0,27202,0,3164,23993,0,45,0,0
189.8,0,27244,0,27244,0,3146,24056,0,42,0,0
189.9,0,27296,0,27296,0,3200,24044,0,52,0,0
190,0,27348,0,27348,0,3138,24158,0,52,0,0
190.1,0,27402,0,27402,0,3171,24177,0,54,0,0
190.2,0,27446,0,27446,0,3239,24163,0,44,0,0
190.3,0,27497,0,27497,0,3205,24241,0,51,0,0
190.4,0,27542,0,27542,0,3148,24349,0,45,0,0
190.5,0,27587,0,27587,0,3192,24350,0,45,0,0
190.6,0,27629,0,27629,0,3167,24420,0,42,0,0
190.7,0,27684,0,27684,0,3230,24399,0,55,0,0
190.8,0,27727,0,27727,0,3210,24474,0,43,0,0
190.9,0,27786,0,27786,0,3274,24453,0,59,0,0
191,0,27837,0,27837,0,3159,24627,0,51,0,0
191.1,0,27876,0,27876,0,3183,24654,0,39,0,0
191.2,0,27921,0,27921,0,3162,24714,0,45,0,0
191.3,0,27970,0,27970,0,3217,24704,0,49,0,0
191.4,0,28021,0,28021,0,3256,24714,0,51,0,0
191.5,0,28067,0,28067,0,3200,24821,0,46,0,0
191.6,0,28113,0,28113,0,3276,24791,0,46,0,0
191.7,0,28165,0,28165,0,3284,24829,0,52,0,0
191.8,0,28215,0,28215,0,3231,24934,0,50,0,0
191.9,0,28274,0,28274,0,3258,24957,0,59,0,0
192,0,28323,0,28323,0,3257,25017,0,49,0,0
192.1,0,28373,0,28373,0,3253,25070,0,50,0,0
192.2,0,28425,0,28425,0,3286,25087,0,52,0,0
192.3,0,28470,0,28470,0,3268,25157,0,45,0,0
192.4,0,28512,0,28512,0,3292,25178,0,42,0,0
192.5,0,28569,0,28569,0,3262,25250,0,57,0,0
192.6,0,28607,0,28607,0,3163,25406,0,38,0,0
192.7,0,28676,0,28676,0,3276,25331,0,69,0,0
192.8,0,28721,0,28721,0,3183,25493,0,45,0,0
192.9,0,28781,0,28781,0,3244,25477,0,60,0,0
193,0,28834,0,28834,0,3303,25478,0,53,0,0
193.1,0,28877,0,28877,0,3345,25489,0,43,0,0
193.2,0,28934,0,28934,0,3253,25624,0,57,0,0
193.3,0,28975,0,28975,0,3233,25701,0,41,0,0
193.4,0,29025,0,29025,0,3322,25653,0,50,0,0
193.5,0,29076,0,29076,0,3328,25697,0,51,0,0
193.6,0,29135,0,29135,0,3316,25760,0,59,0,0
193.7,0,29196,0,29196,0,3324,25811,0,61,0,0
193.8,0,29242,0,29242,0,3315,25881,0,46,0,0
193.9,0,29292,0,29292,0,3329,25913,0,50,0,0
194,0,29341,0,29341,0,3383,25909,0,49,0,0
194.1,0,29386,0,29386,0,3335,26006,0,45,0,0
194.2,0,29437,0,29437,0,3317,26069,0,51,0,0
194.3,0,29486,0,29486,0,3295,26142,0,49,0,0
194.4,0,29538,0,29538,0,3414,26072,0,52,0,0
194.5,0,29593,0,29593,0,3408,26130,0,55,0,0
194.6,0,29649,0,29649,0,3474,26119,0,56,0,0
194.7,0,29699,0,29699,0,3374,26275,0,50,0,0
194.8,0,29750,0,29750,0,3411,26288,0,51,0,0
194.9,0,29800,0,29800,0,3271,26479,0,50,0,0
195,0,29862,0,29862,0,3408,26392,0,62,0,0
195.1,0,29908,0,29908,0,3458,26404,0,46,0,0
195.2,0,29961,0,29961,0,3386,26522,0,53,0,0
195.3,0,30011,0,30011,0,3337,26624,0,50,0,0
195.4,0,30047,0,30047,0,3437,26574,0,36,0,0
195.5,0,30097,0,30097,0,3394,26653,0,50,0,0
195.6,0,30139,0,30139,0,3354,26743,0,42,0,0
195.7,0,30193,0,30193,0,3449,26690,0,54,0,0
195.8,0,30246,0,30246,0,3312,26881,0,53,0,0
195.9,0,30303,0,30303,0,3331,26915,0,57,0,0
196,0,30354,0,30354,0,3300,27003,0,51,0,0
196.1,0,30404,0,30404,0,3421,26933,0,50,0,0
196.2,0,30455,0,30455,0,3322,27082,0,51,0,0
196.3,0,30508,0,30508,0,3415,27040,0,53,0,0
196.4,0,30564,0,30564,0,3445,27063,0,56,0,0
196.5,0,30611,0,30611,0,3439,27125,0,47,0,0
196.6,0,30657,0,30657,0,3446,27165,0,46,0,0
196.7,0,30710,0,30710,0,3447,27210,0,53,0,0
196.8,0,30756,0,30756,0,3489,27221,0,46,0,0
196.9,0,30800,0,30800,0,3498,27258,0,44,0,0
197,0,30865,0,30865,0,3501,27299,0,65,0,0
197.1,0,30917,0,30917,0,3434,27431,0,52,0,0
197.2,0,30976,0,30976,0,3391,27526,0,59,0,0
197.3,0,31022,0,31022,0,3513,27463,0,46,0,0
197.4,0,31068,0,31068,0,3443,27579,0,46,0,0
197.5,0,31123,0,31123,0,3399,27669,0,55,0,0
197.6,0,31162,0,31162,0,3532,27591,0,39,0,0
197.7,0,31215,0,31215,0,3519,27643,0,53,0,0
197.8,0,31273,0,31273,0,3576,27639,0,58,0,0
197.9,0,31339,0,31339,0,3471,27802,0,66,0,0
198,0,31399,0,31399,0,3414,27925,0,60,0,0
198.1,0,31457,0,31457,0,3532,27867,0,58,0,0
198.2,0,31517,0,31517,0,3514,27943,0,60,0,0
198.3,0,31569,0,31569,0,3532,27985,0,52,0,0
198.4,0,31633,0,31633,0,3607,27962,0,64,0,0
198.5,0,31691,0,31691,0,3605,28028,0,58,0,0
198.6,0,31752,0,31752,0,3598,28093,0,61,0,0
198.7,0,31799,0,31799,0,3541,28211,0,47,0,0
198.8,0,31839,0,31839,0,3523,28276,0,40,0,0
198.9,0,31887,0,31887,0,3609,28230,0,48,0,0
199,0,31944,0,31944,0,3467,28420,0,57,0,0
199.1,0,31997,0,31997,0,3581,28363,0,53,0,0
199.2,0,32033,0,32033,0,3546,28451,0,36,0,0
199.3,0,32094,0,32094,0,3629,28404,0,61,0,0
199.4,0,32141,0,32141,0,3600,28494,0,47,0,0
199.5,0,32188,0,32188,0,3604,28537,0,47,0,0
199.6,0,32230,0,32230,0,3628,28560,0,42,0,0
199.7,0,32292,0,32292,0,3601,28629,0,62,0,0
199.8,0,32354,0,32354,0,3576,28716,0,62,0,0
199.9,0,32406,0,32406,0,3618,28736,0,52,0,0
200,0,32476,0,32476,0,3631,28775,0,70,0,0
