number,state,value,params,error
34,TrialState.PRUNED,58.178436124141854,"{'normoxic_CC/can_grow/probability': 0.7482381034199654, 'normoxic_CC/can_grow/diameter_rate': 5.4022631992746035, 'normoxic_CC/can_divide/probability': 0.4422055970857881, 'normoxic_CC/can_divide/diameter_cutoff': 17.9511993389472, 'normoxic_CC/diameter/max': 22.58494033718441, 'normoxic_CC/phase_dwell/G1': 20.73434511862355, 'normoxic_CC/phase_dwell/Sy': 11.5114151132206, 'normoxic_CC/phase_dwell/G2': 7.149202089643015, 'normoxic_CC/can_divide/time_window': 16.230986564736146, 'normoxic_CC/can_divide/probability_increment_with_age': 0.0001611967118623835, 'normoxic_CC/can_divide/influence_ratio': 2.0706427342001357, 'normoxic_CC/can_apoptose/probability': 0.017159813036852264, 'normoxic_CC/can_apoptose/time_window': 850.5529374815042}",
35,TrialState.PRUNED,58.57482660487983,"{'normoxic_CC/can_grow/probability': 0.7745328814360011, 'normoxic_CC/can_grow/diameter_rate': 0.2975729896967578, 'normoxic_CC/can_divide/probability': 0.39873239078496686, 'normoxic_CC/can_divide/diameter_cutoff': 10.330066198330728, 'normoxic_CC/diameter/max': 25.973583212679873, 'normoxic_CC/phase_dwell/G1': 18.416757784667926, 'normoxic_CC/phase_dwell/Sy': 14.937201668345718, 'normoxic_CC/phase_dwell/G2': 3.495253738650688, 'normoxic_CC/can_divide/time_window': 18.660907244373792, 'normoxic_CC/can_divide/probability_increment_with_age': 0.00011398809549643469, 'normoxic_CC/can_divide/influence_ratio': 2.529757821990654, 'normoxic_CC/can_apoptose/probability': 1.1133583733791062e-05, 'normoxic_CC/can_apoptose/time_window': 1691.6373126149326}",
41,TrialState.PRUNED,50.34829115697905,"{'normoxic_CC/can_grow/probability': 0.6471874483604002, 'normoxic_CC/can_grow/diameter_rate': 0.18101730413379694, 'normoxic_CC/can_divide/probability': 0.8631712744818371, 'normoxic_CC/can_divide/diameter_cutoff': 13.132309971918195, 'normoxic_CC/diameter/max': 24.04900999787834, 'normoxic_CC/phase_dwell/G1': 1.4427869502692907, 'normoxic_CC/phase_dwell/Sy': 6.950569265560099, 'normoxic_CC/phase_dwell/G2': 5.090307503884096, 'normoxic_CC/can_divide/time_window': 27.04961216510229, 'normoxic_CC/can_divide/probability_increment_with_age': 7.776804679351553e-05, 'normoxic_CC/can_divide/influence_ratio': 0.70564237644022, 'normoxic_CC/can_apoptose/probability': 0.010530680490702209, 'normoxic_CC/can_apoptose/time_window': 3047.144796484161}",
46,TrialState.PRUNED,49.729587301955604,"{'normoxic_CC/can_grow/probability': 0.8756986705555725, 'normoxic_CC/can_grow/diameter_rate': 2.0777986703548854, 'normoxic_CC/can_divide/probability': 0.959533821069752, 'normoxic_CC/can_divide/diameter_cutoff': 14.961220364230126, 'normoxic_CC/diameter/max': 25.22163516840012, 'normoxic_CC/phase_dwell/G1': 8.899363565064188, 'normoxic_CC/phase_dwell/Sy': 8.239644627140347, 'normoxic_CC/phase_dwell/G2': 4.62554846362973, 'normoxic_CC/can_divide/time_window': 24.212643250068492, 'normoxic_CC/can_divide/probability_increment_with_age': 0.00011142393875487662, 'normoxic_CC/can_divide/influence_ratio': 2.6777050763134995, 'normoxic_CC/can_apoptose/probability': 0.00043540233276214693, 'normoxic_CC/can_apoptose/time_window': 1599.9235870474522}",
52,TrialState.PRUNED,57.981116690241656,"{'normoxic_CC/can_grow/probability': 0.7514959330577586, 'normoxic_CC/can_grow/diameter_rate': 0.21048137077451398, 'normoxic_CC/can_divide/probability': 0.8926542407691636, 'normoxic_CC/can_divide/diameter_cutoff': 12.865657997678145, 'normoxic_CC/diameter/max': 15.126375841756044, 'normoxic_CC/phase_dwell/G1': 20.676967423037915, 'normoxic_CC/phase_dwell/Sy': 10.96944146885593, 'normoxic_CC/phase_dwell/G2': 8.471942862939908, 'normoxic_CC/can_divide/time_window': 17.357966096509944, 'normoxic_CC/can_divide/probability_increment_with_age': 0.00018493009833821193, 'normoxic_CC/can_divide/influence_ratio': 1.809884251228034, 'normoxic_CC/can_apoptose/probability': 2.1373942926250894e-05, 'normoxic_CC/can_apoptose/time_window': 195.96829420229233}",
60,TrialState.PRUNED,72.01211947443437,"{'normoxic_CC/can_grow/probability': 0.8611145343944072, 'normoxic_CC/can_grow/diameter_rate': 0.12009429357236247, 'normoxic_CC/can_divide/probability': 0.7966816640533835, 'normoxic_CC/can_divide/diameter_cutoff': 14.188672834434213, 'normoxic_CC/diameter/max': 15.175297146467686, 'normoxic_CC/phase_dwell/G1': 16.185903185218745, 'normoxic_CC/phase_dwell/Sy': 4.16644291006377, 'normoxic_CC/phase_dwell/G2': 10.375890610408078, 'normoxic_CC/can_divide/time_window': 7.0860861250691904, 'normoxic_CC/can_divide/probability_increment_with_age': 0.0002802826948041181, 'normoxic_CC/can_divide/influence_ratio': 1.7507247821936853, 'normoxic_CC/can_apoptose/probability': 0.027618283291583026, 'normoxic_CC/can_apoptose/time_window': 552.2100060903723}",
61,TrialState.PRUNED,40.997306054125865,"{'normoxic_CC/can_grow/probability': 0.5433827278199668, 'normoxic_CC/can_grow/diameter_rate': 0.3257698393415051, 'normoxic_CC/can_divide/probability': 0.7066268692362286, 'normoxic_CC/can_divide/diameter_cutoff': 14.26866169896867, 'normoxic_CC/diameter/max': 20.230669271984265, 'normoxic_CC/phase_dwell/G1': 18.85668526751764, 'normoxic_CC/phase_dwell/Sy': 5.871244103058467, 'normoxic_CC/phase_dwell/G2': 4.105888728141238, 'normoxic_CC/can_divide/time_window': 23.197979994121347, 'normoxic_CC/can_divide/probability_increment_with_age': 4.235804854051523e-05, 'normoxic_CC/can_divide/influence_ratio': 1.5414176219417877, 'normoxic_CC/can_apoptose/probability': 0.0016327164913529733, 'normoxic_CC/can_apoptose/time_window': 214.53424268035766}",
62,TrialState.PRUNED,57.981116690241656,"{'normoxic_CC/can_grow/probability': 0.686806373595649, 'normoxic_CC/can_grow/diameter_rate': 0.2401735747518023, 'normoxic_CC/can_divide/probability': 0.9392146405068482, 'normoxic_CC/can_divide/diameter_cutoff': 12.655316524970535, 'normoxic_CC/diameter/max': 19.228583149781173, 'normoxic_CC/phase_dwell/G1': 17.51243342234625, 'normoxic_CC/phase_dwell/Sy': 13.036512576842307, 'normoxic_CC/phase_dwell/G2': 7.741039241522463, 'normoxic_CC/can_divide/time_window': 8.708109093669522, 'normoxic_CC/can_divide/probability_increment_with_age': 0.00012854085290465395, 'normoxic_CC/can_divide/influence_ratio': 3.6365647340856295, 'normoxic_CC/can_apoptose/probability': 0.0026387776085572134, 'normoxic_CC/can_apoptose/time_window': 190.5603019287155}",
64,TrialState.PRUNED,57.981116690241656,"{'normoxic_CC/can_grow/probability': 0.6237653348765022, 'normoxic_CC/can_grow/diameter_rate': 2.659895863048969, 'normoxic_CC/can_divide/probability': 0.7942728149792395, 'normoxic_CC/can_divide/diameter_cutoff': 15.079956158470674, 'normoxic_CC/diameter/max': 17.707664042891928, 'normoxic_CC/phase_dwell/G1': 23.554094883376465, 'normoxic_CC/phase_dwell/Sy': 6.632281347079071, 'normoxic_CC/phase_dwell/G2': 9.74021074588112, 'normoxic_CC/can_divide/time_window': 18.783695305207342, 'normoxic_CC/can_divide/probability_increment_with_age': 0.0001531002667898062, 'normoxic_CC/can_divide/influence_ratio': 3.9669984833701752, 'normoxic_CC/can_apoptose/probability': 0.01929817334444179, 'normoxic_CC/can_apoptose/time_window': 664.539553749514}",
88,TrialState.PRUNED,40.70175193344369,"{'normoxic_CC/can_grow/probability': 0.3574371413224089, 'normoxic_CC/can_grow/diameter_rate': 0.6588870553571723, 'normoxic_CC/can_divide/probability': 0.4945642577246144, 'normoxic_CC/can_divide/diameter_cutoff': 12.59321405818528, 'normoxic_CC/diameter/max': 16.282378849209266, 'normoxic_CC/phase_dwell/G1': 19.388989393488828, 'normoxic_CC/phase_dwell/Sy': 2.8154564456089393, 'normoxic_CC/phase_dwell/G2': 2.8612712334292825, 'normoxic_CC/can_divide/time_window': 8.567463357925298, 'normoxic_CC/can_divide/probability_increment_with_age': 0.0004292850066973604, 'normoxic_CC/can_divide/influence_ratio': 0.4110308767290536, 'normoxic_CC/can_apoptose/probability': 0.0018194199025154043, 'normoxic_CC/can_apoptose/time_window': 214.4277723916527}",
93,TrialState.PRUNED,31.67972023033435,"{'normoxic_CC/can_grow/probability': 0.041112297829710404, 'normoxic_CC/can_grow/diameter_rate': 0.6381010076579641, 'normoxic_CC/can_divide/probability': 0.7818199493308061, 'normoxic_CC/can_divide/diameter_cutoff': 10.987441504025254, 'normoxic_CC/diameter/max': 15.986956222684364, 'normoxic_CC/phase_dwell/G1': 7.533805232526203, 'normoxic_CC/phase_dwell/Sy': 6.499499110817416, 'normoxic_CC/phase_dwell/G2': 7.512468429633204, 'normoxic_CC/can_divide/time_window': 15.352160044883934, 'normoxic_CC/can_divide/probability_increment_with_age': 6.037025520602803e-05, 'normoxic_CC/can_divide/influence_ratio': 1.8368747177347886, 'normoxic_CC/can_apoptose/probability': 0.041893922539872064, 'normoxic_CC/can_apoptose/time_window': 364.50387079891624}",
96,TrialState.PRUNED,28.642951964753394,"{'normoxic_CC/can_grow/probability': 0.9744274492629132, 'normoxic_CC/can_grow/diameter_rate': 14.4965384197694, 'normoxic_CC/can_divide/probability': 0.3543363422490416, 'normoxic_CC/can_divide/diameter_cutoff': 10.934796943545916, 'normoxic_CC/diameter/max': 22.519920644387163, 'normoxic_CC/phase_dwell/G1': 4.723752317227506, 'normoxic_CC/phase_dwell/Sy': 8.933402166339832, 'normoxic_CC/phase_dwell/G2': 2.4519108218966847, 'normoxic_CC/can_divide/time_window': 9.776811220981816, 'normoxic_CC/can_divide/probability_increment_with_age': 9.899745297078859e-05, 'normoxic_CC/can_divide/influence_ratio': 2.1995694088966493, 'normoxic_CC/can_apoptose/probability': 0.03035632508725275, 'normoxic_CC/can_apoptose/time_window': 303.0326596189604}",
97,TrialState.PRUNED,28.600590156604298,"{'normoxic_CC/can_grow/probability': 0.7451451516635477, 'normoxic_CC/can_grow/diameter_rate': 10.241718186257792, 'normoxic_CC/can_divide/probability': 0.07784354102452547, 'normoxic_CC/can_divide/diameter_cutoff': 12.857836426837544, 'normoxic_CC/diameter/max': 19.451666807323107, 'normoxic_CC/phase_dwell/G1': 14.157114977588632, 'normoxic_CC/phase_dwell/Sy': 8.316685186303445, 'normoxic_CC/phase_dwell/G2': 3.5091803114427416, 'normoxic_CC/can_divide/time_window': 1.7790900145839195, 'normoxic_CC/can_divide/probability_increment_with_age': 0.00021406799561628643, 'normoxic_CC/can_divide/influence_ratio': 3.259396865988494, 'normoxic_CC/can_apoptose/probability': 0.010306516403282803, 'normoxic_CC/can_apoptose/time_window': 83.76552820157494}",
98,TrialState.PRUNED,126.82604034405549,"{'normoxic_CC/can_grow/probability': 0.35367793621826327, 'normoxic_CC/can_grow/diameter_rate': 7.975515322821791, 'normoxic_CC/can_divide/probability': 0.1305932016825266, 'normoxic_CC/can_divide/diameter_cutoff': 16.955968098864016, 'normoxic_CC/diameter/max': 15.972833708442474, 'normoxic_CC/phase_dwell/G1': 3.145512253713724, 'normoxic_CC/phase_dwell/Sy': 13.069404472983603, 'normoxic_CC/phase_dwell/G2': 3.333779900316806, 'normoxic_CC/can_divide/time_window': 3.111426729138741, 'normoxic_CC/can_divide/probability_increment_with_age': 0.0003795998710604999, 'normoxic_CC/can_divide/influence_ratio': 3.175351169333871, 'normoxic_CC/can_apoptose/probability': 0.008388444245763215, 'normoxic_CC/can_apoptose/time_window': 88.82869329219602}",
112,TrialState.PRUNED,58.5625783568381,"{'normoxic_CC/can_grow/probability': 0.43230152730631327, 'normoxic_CC/can_grow/diameter_rate': 0.4215660085675889, 'normoxic_CC/can_divide/probability': 0.39834412717935175, 'normoxic_CC/can_divide/diameter_cutoff': 17.71182376371233, 'normoxic_CC/diameter/max': 21.594679661598995, 'normoxic_CC/phase_dwell/G1': 4.876095380471097, 'normoxic_CC/phase_dwell/Sy': 3.298663112509476, 'normoxic_CC/phase_dwell/G2': 3.0778219330259624, 'normoxic_CC/can_divide/time_window': 13.9724108013941, 'normoxic_CC/can_divide/probability_increment_with_age': 0.00024437868560315325, 'normoxic_CC/can_divide/influence_ratio': 3.85460927484964, 'normoxic_CC/can_apoptose/probability': 0.0014047429233798884, 'normoxic_CC/can_apoptose/time_window': 275.3488529108111}",
118,TrialState.PRUNED,126.82604034405549,"{'normoxic_CC/can_grow/probability': 0.020468304681238683, 'normoxic_CC/can_grow/diameter_rate': 15.086068086993496, 'normoxic_CC/can_divide/probability': 0.4886288219828043, 'normoxic_CC/can_divide/diameter_cutoff': 16.94064712849898, 'normoxic_CC/diameter/max': 16.074523478786748, 'normoxic_CC/phase_dwell/G1': 1.6352462941881079, 'normoxic_CC/phase_dwell/Sy': 18.097281721179584, 'normoxic_CC/phase_dwell/G2': 2.958605327054241, 'normoxic_CC/can_divide/time_window': 14.82092559117351, 'normoxic_CC/can_divide/probability_increment_with_age': 0.000145860590737336, 'normoxic_CC/can_divide/influence_ratio': 2.919578530095793, 'normoxic_CC/can_apoptose/probability': 0.0002547502317774234, 'normoxic_CC/can_apoptose/time_window': 1840.3300401643423}",
124,TrialState.PRUNED,126.82604034405549,"{'normoxic_CC/can_grow/probability': 0.053505943103400705, 'normoxic_CC/can_grow/diameter_rate': 4.025659059987907, 'normoxic_CC/can_divide/probability': 0.2883989551992195, 'normoxic_CC/can_divide/diameter_cutoff': 17.09258653386157, 'normoxic_CC/diameter/max': 16.710593510687335, 'normoxic_CC/phase_dwell/G1': 3.076659339750545, 'normoxic_CC/phase_dwell/Sy': 2.340413608635204, 'normoxic_CC/phase_dwell/G2': 5.925030296401745, 'normoxic_CC/can_divide/time_window': 5.1151595105509955, 'normoxic_CC/can_divide/probability_increment_with_age': 0.0001500693190715599, 'normoxic_CC/can_divide/influence_ratio': 3.4417728337965725, 'normoxic_CC/can_apoptose/probability': 0.0008245882863933767, 'normoxic_CC/can_apoptose/time_window': 254.53721659043663}",
125,TrialState.PRUNED,126.82604034405549,"{'normoxic_CC/can_grow/probability': 0.41623692459704886, 'normoxic_CC/can_grow/diameter_rate': 5.713082765090522, 'normoxic_CC/can_divide/probability': 0.3058887814233505, 'normoxic_CC/can_divide/diameter_cutoff': 16.88027321494116, 'normoxic_CC/diameter/max': 16.113870696924444, 'normoxic_CC/phase_dwell/G1': 1.1992512795444736, 'normoxic_CC/phase_dwell/Sy': 7.66609086889936, 'normoxic_CC/phase_dwell/G2': 2.33942991356502, 'normoxic_CC/can_divide/time_window': 1.8170059140984574, 'normoxic_CC/can_divide/probability_increment_with_age': 5.0671647235765624e-05, 'normoxic_CC/can_divide/influence_ratio': 3.0760549928178045, 'normoxic_CC/can_apoptose/probability': 0.01187203201495826, 'normoxic_CC/can_apoptose/time_window': 480.715923211574}",
128,TrialState.PRUNED,126.82604034405549,"{'normoxic_CC/can_grow/probability': 0.532967065373149, 'normoxic_CC/can_grow/diameter_rate': 5.348771214356432, 'normoxic_CC/can_divide/probability': 0.237862756021115, 'normoxic_CC/can_divide/diameter_cutoff': 17.000660977651236, 'normoxic_CC/diameter/max': 15.339087282327709, 'normoxic_CC/phase_dwell/G1': 1.426544395851544, 'normoxic_CC/phase_dwell/Sy': 5.299827032030519, 'normoxic_CC/phase_dwell/G2': 4.704820649116456, 'normoxic_CC/can_divide/time_window': 2.875587302408599, 'normoxic_CC/can_divide/probability_increment_with_age': 5.656828834563469e-05, 'normoxic_CC/can_divide/influence_ratio': 2.6887528880146054, 'normoxic_CC/can_apoptose/probability': 9.448711401559634e-05, 'normoxic_CC/can_apoptose/time_window': 261.3688927861087}",
131,TrialState.PRUNED,35.00262564582228,"{'normoxic_CC/can_grow/probability': 0.41710200166049316, 'normoxic_CC/can_grow/diameter_rate': 0.18974632040633338, 'normoxic_CC/can_divide/probability': 0.1811992733684613, 'normoxic_CC/can_divide/diameter_cutoff': 13.956487323737502, 'normoxic_CC/diameter/max': 19.46326828856272, 'normoxic_CC/phase_dwell/G1': 8.692867342253269, 'normoxic_CC/phase_dwell/Sy': 2.693127894460969, 'normoxic_CC/phase_dwell/G2': 2.0491869069060136, 'normoxic_CC/can_divide/time_window': 1.239282706682604, 'normoxic_CC/can_divide/probability_increment_with_age': 0.00013128777374996422, 'normoxic_CC/can_divide/influence_ratio': 2.9405769086016718, 'normoxic_CC/can_apoptose/probability': 0.005259635824683387, 'normoxic_CC/can_apoptose/time_window': 164.03182671175458}",
150,TrialState.PRUNED,23.655973050132623,"{'normoxic_CC/can_grow/probability': 0.13684391713880845, 'normoxic_CC/can_grow/diameter_rate': 3.1965926199115025, 'normoxic_CC/can_divide/probability': 0.561534442704296, 'normoxic_CC/can_divide/diameter_cutoff': 11.548807395056636, 'normoxic_CC/diameter/max': 22.564044774495216, 'normoxic_CC/phase_dwell/G1': 8.500954061086691, 'normoxic_CC/phase_dwell/Sy': 6.545006275613993, 'normoxic_CC/phase_dwell/G2': 3.2635657375081797, 'normoxic_CC/can_divide/time_window': 4.787245480371725, 'normoxic_CC/can_divide/probability_increment_with_age': 0.00013694931989265976, 'normoxic_CC/can_divide/influence_ratio': 2.011677277488031, 'normoxic_CC/can_apoptose/probability': 2.0799550187668033e-05, 'normoxic_CC/can_apoptose/time_window': 163.5133050528706}",
152,TrialState.PRUNED,126.82604034405549,"{'normoxic_CC/can_grow/probability': 0.3723608557523024, 'normoxic_CC/can_grow/diameter_rate': 4.009676325071836, 'normoxic_CC/can_divide/probability': 0.3371190190646437, 'normoxic_CC/can_divide/diameter_cutoff': 17.621744260671164, 'normoxic_CC/diameter/max': 17.076415797902992, 'normoxic_CC/phase_dwell/G1': 15.360390737990059, 'normoxic_CC/phase_dwell/Sy': 2.2853442330538574, 'normoxic_CC/phase_dwell/G2': 2.0866186423836472, 'normoxic_CC/can_divide/time_window': 14.363994918148709, 'normoxic_CC/can_divide/probability_increment_with_age': 0.00034436603317447096, 'normoxic_CC/can_divide/influence_ratio': 3.9273073978132547, 'normoxic_CC/can_apoptose/probability': 0.0002464817226925309, 'normoxic_CC/can_apoptose/time_window': 3062.9417474121988}",
155,TrialState.PRUNED,45.73301186940519,"{'normoxic_CC/can_grow/probability': 0.5857880055403295, 'normoxic_CC/can_grow/diameter_rate': 0.35110259576396785, 'normoxic_CC/can_divide/probability': 0.5057335600692034, 'normoxic_CC/can_divide/diameter_cutoff': 14.541137501781007, 'normoxic_CC/diameter/max': 19.08869432647613, 'normoxic_CC/phase_dwell/G1': 2.0504941108488635, 'normoxic_CC/phase_dwell/Sy': 1.8334310171313253, 'normoxic_CC/phase_dwell/G2': 4.48490240809587, 'normoxic_CC/can_divide/time_window': 1.1398646790535865, 'normoxic_CC/can_divide/probability_increment_with_age': 8.730319957664167e-05, 'normoxic_CC/can_divide/influence_ratio': 2.9329211698148585, 'normoxic_CC/can_apoptose/probability': 3.6006760271177875e-05, 'normoxic_CC/can_apoptose/time_window': 189.1058553423948}",
156,TrialState.PRUNED,23.353128152436046,"{'normoxic_CC/can_grow/probability': 0.045355625568553125, 'normoxic_CC/can_grow/diameter_rate': 10.886185220333184, 'normoxic_CC/can_divide/probability': 0.06660818205566305, 'normoxic_CC/can_divide/diameter_cutoff': 11.545332062825171, 'normoxic_CC/diameter/max': 15.345337307955228, 'normoxic_CC/phase_dwell/G1': 11.66580672208545, 'normoxic_CC/phase_dwell/Sy': 13.942332822793485, 'normoxic_CC/phase_dwell/G2': 2.010242890742024, 'normoxic_CC/can_divide/time_window': 3.5905530560718844, 'normoxic_CC/can_divide/probability_increment_with_age': 2.814437845993587e-05, 'normoxic_CC/can_divide/influence_ratio': 2.8915200791373237, 'normoxic_CC/can_apoptose/probability': 0.0001831921459791058, 'normoxic_CC/can_apoptose/time_window': 1917.932535060797}",
161,TrialState.PRUNED,92.00856133360011,"{'normoxic_CC/can_grow/probability': 0.1340945030648089, 'normoxic_CC/can_grow/diameter_rate': 1.0574251133275527, 'normoxic_CC/can_divide/probability': 0.002627285355340292, 'normoxic_CC/can_divide/diameter_cutoff': 16.005199304262227, 'normoxic_CC/diameter/max': 16.68403081788037, 'normoxic_CC/phase_dwell/G1': 8.306629495624017, 'normoxic_CC/phase_dwell/Sy': 3.882810130440505, 'normoxic_CC/phase_dwell/G2': 3.1680970341854704, 'normoxic_CC/can_divide/time_window': 13.830043353503587, 'normoxic_CC/can_divide/probability_increment_with_age': 0.00037269955189947425, 'normoxic_CC/can_divide/influence_ratio': 3.610148387454963, 'normoxic_CC/can_apoptose/probability': 1.3427318906127455e-05, 'normoxic_CC/can_apoptose/time_window': 951.152000972208}",
162,TrialState.PRUNED,47.34902189453935,"{'normoxic_CC/can_grow/probability': 0.20357947367866597, 'normoxic_CC/can_grow/diameter_rate': 0.4851839712129009, 'normoxic_CC/can_divide/probability': 0.12427587699087539, 'normoxic_CC/can_divide/diameter_cutoff': 14.021980843182133, 'normoxic_CC/diameter/max': 16.966621254543142, 'normoxic_CC/phase_dwell/G1': 13.013711408318194, 'normoxic_CC/phase_dwell/Sy': 5.914892866605852, 'normoxic_CC/phase_dwell/G2': 7.014908761219179, 'normoxic_CC/can_divide/time_window': 4.109031716994964, 'normoxic_CC/can_divide/probability_increment_with_age': 0.0003282448984435557, 'normoxic_CC/can_divide/influence_ratio': 3.5662961073223625, 'normoxic_CC/can_apoptose/probability': 0.0008413248122020796, 'normoxic_CC/can_apoptose/time_window': 3577.3477054650334}",
164,TrialState.PRUNED,24.209784279723436,"{'normoxic_CC/can_grow/probability': 0.007910532361342398, 'normoxic_CC/can_grow/diameter_rate': 3.162399543478543, 'normoxic_CC/can_divide/probability': 0.3767547850179615, 'normoxic_CC/can_divide/diameter_cutoff': 10.370250482545469, 'normoxic_CC/diameter/max': 15.189161082716355, 'normoxic_CC/phase_dwell/G1': 13.790698924132816, 'normoxic_CC/phase_dwell/Sy': 9.61757905604049, 'normoxic_CC/phase_dwell/G2': 2.707125304005983, 'normoxic_CC/can_divide/time_window': 1.9365189958717677, 'normoxic_CC/can_divide/probability_increment_with_age': 0.00013811985691739771, 'normoxic_CC/can_divide/influence_ratio': 2.7619035187024363, 'normoxic_CC/can_apoptose/probability': 0.000522355833457221, 'normoxic_CC/can_apoptose/time_window': 929.0407370054143}",
169,TrialState.PRUNED,23.21343143250223,"{'normoxic_CC/can_grow/probability': 0.03960865684765023, 'normoxic_CC/can_grow/diameter_rate': 0.3349135040546402, 'normoxic_CC/can_divide/probability': 0.16757194253445234, 'normoxic_CC/can_divide/diameter_cutoff': 10.396582767827875, 'normoxic_CC/diameter/max': 16.303881210177437, 'normoxic_CC/phase_dwell/G1': 8.15809726227834, 'normoxic_CC/phase_dwell/Sy': 2.5569934921614745, 'normoxic_CC/phase_dwell/G2': 8.95645070450201, 'normoxic_CC/can_divide/time_window': 3.4301890507013644, 'normoxic_CC/can_divide/probability_increment_with_age': 5.271039906216386e-05, 'normoxic_CC/can_divide/influence_ratio': 3.55029286112609, 'normoxic_CC/can_apoptose/probability': 0.0001340235339501743, 'normoxic_CC/can_apoptose/time_window': 122.5040500626331}",
172,TrialState.PRUNED,19.52247003350918,"{'normoxic_CC/can_grow/probability': 0.0018590413315442422, 'normoxic_CC/can_grow/diameter_rate': 15.382750682402474, 'normoxic_CC/can_divide/probability': 0.6856534363637241, 'normoxic_CC/can_divide/diameter_cutoff': 10.603995264725487, 'normoxic_CC/diameter/max': 15.798345544121394, 'normoxic_CC/phase_dwell/G1': 4.163439036700221, 'normoxic_CC/phase_dwell/Sy': 10.29400837402003, 'normoxic_CC/phase_dwell/G2': 3.343801157355471, 'normoxic_CC/can_divide/time_window': 15.281412718577498, 'normoxic_CC/can_divide/probability_increment_with_age': 0.00030526870838496725, 'normoxic_CC/can_divide/influence_ratio': 2.9265736597544176, 'normoxic_CC/can_apoptose/probability': 0.011507783777515415, 'normoxic_CC/can_apoptose/time_window': 1381.5836424031752}",
177,TrialState.PRUNED,15.872617464712972,"{'normoxic_CC/can_grow/probability': 0.26427735712487843, 'normoxic_CC/can_grow/diameter_rate': 2.4397154818420077, 'normoxic_CC/can_divide/probability': 0.23684864999297145, 'normoxic_CC/can_divide/diameter_cutoff': 12.175368055258428, 'normoxic_CC/diameter/max': 20.89291650485957, 'normoxic_CC/phase_dwell/G1': 10.663212565427106, 'normoxic_CC/phase_dwell/Sy': 1.4340680888326514, 'normoxic_CC/phase_dwell/G2': 5.881302906828067, 'normoxic_CC/can_divide/time_window': 1.0558652711700725, 'normoxic_CC/can_divide/probability_increment_with_age': 0.0002235455965009047, 'normoxic_CC/can_divide/influence_ratio': 2.9506438491400724, 'normoxic_CC/can_apoptose/probability': 2.302788837651188e-05, 'normoxic_CC/can_apoptose/time_window': 640.7311974656353}",
178,TrialState.PRUNED,126.82604034405549,"{'normoxic_CC/can_grow/probability': 0.21832432191627998, 'normoxic_CC/can_grow/diameter_rate': 22.66648322244605, 'normoxic_CC/can_divide/probability': 0.2987489729650261, 'normoxic_CC/can_divide/diameter_cutoff': 16.32853106753098, 'normoxic_CC/diameter/max': 15.049074952272228, 'normoxic_CC/phase_dwell/G1': 6.820504304874068, 'normoxic_CC/phase_dwell/Sy': 5.271425771949759, 'normoxic_CC/phase_dwell/G2': 4.928617370189853, 'normoxic_CC/can_divide/time_window': 13.439580533023467, 'normoxic_CC/can_divide/probability_increment_with_age': 0.00022887322763837732, 'normoxic_CC/can_divide/influence_ratio': 3.68217156623946, 'normoxic_CC/can_apoptose/probability': 0.0004992651905110878, 'normoxic_CC/can_apoptose/time_window': 3153.096317552404}",
193,TrialState.PRUNED,15.827041390906428,"{'normoxic_CC/can_grow/probability': 0.9540050268707868, 'normoxic_CC/can_grow/diameter_rate': 0.29848292943958954, 'normoxic_CC/can_divide/probability': 0.13818686750659714, 'normoxic_CC/can_divide/diameter_cutoff': 10.372791719855881, 'normoxic_CC/diameter/max': 22.178010099807064, 'normoxic_CC/phase_dwell/G1': 9.045699935400556, 'normoxic_CC/phase_dwell/Sy': 9.14512552333874, 'normoxic_CC/phase_dwell/G2': 3.676723959122029, 'normoxic_CC/can_divide/time_window': 11.012563299595463, 'normoxic_CC/can_divide/probability_increment_with_age': 0.0001156647924558819, 'normoxic_CC/can_divide/influence_ratio': 3.7242306353768484, 'normoxic_CC/can_apoptose/probability': 0.003044921034435804, 'normoxic_CC/can_apoptose/time_window': 1434.6163400145856}",
194,TrialState.PRUNED,22.56296151994877,"{'normoxic_CC/can_grow/probability': 0.8390020643759514, 'normoxic_CC/can_grow/diameter_rate': 0.15245051582697444, 'normoxic_CC/can_divide/probability': 0.5010873983056368, 'normoxic_CC/can_divide/diameter_cutoff': 11.526067388727533, 'normoxic_CC/diameter/max': 16.732367576471514, 'normoxic_CC/phase_dwell/G1': 6.673788306412584, 'normoxic_CC/phase_dwell/Sy': 1.1823379836602255, 'normoxic_CC/phase_dwell/G2': 1.6313908418366152, 'normoxic_CC/can_divide/time_window': 22.239296533180536, 'normoxic_CC/can_divide/probability_increment_with_age': 0.00010155234847861137, 'normoxic_CC/can_divide/influence_ratio': 3.5960660473673145, 'normoxic_CC/can_apoptose/probability': 0.016146301155855435, 'normoxic_CC/can_apoptose/time_window': 1750.6025157423367}",
197,TrialState.PRUNED,27.170759463306652,"{'normoxic_CC/can_grow/probability': 0.0906335846579903, 'normoxic_CC/can_grow/diameter_rate': 15.521193038667931, 'normoxic_CC/can_divide/probability': 0.437851793846558, 'normoxic_CC/can_divide/diameter_cutoff': 10.055376341665786, 'normoxic_CC/diameter/max': 21.549120208761984, 'normoxic_CC/phase_dwell/G1': 8.841351138480846, 'normoxic_CC/phase_dwell/Sy': 6.834650546867598, 'normoxic_CC/phase_dwell/G2': 5.685002726008433, 'normoxic_CC/can_divide/time_window': 12.700546091474486, 'normoxic_CC/can_divide/probability_increment_with_age': 0.00039133093485142604, 'normoxic_CC/can_divide/influence_ratio': 1.8850992416017864, 'normoxic_CC/can_apoptose/probability': 0.0021411919359567394, 'normoxic_CC/can_apoptose/time_window': 119.57383751131404}",
200,TrialState.PRUNED,24.777925204415016,"{'normoxic_CC/can_grow/probability': 0.04006223423744533, 'normoxic_CC/can_grow/diameter_rate': 6.5744879391107816, 'normoxic_CC/can_divide/probability': 0.43068837812739164, 'normoxic_CC/can_divide/diameter_cutoff': 10.242528754502478, 'normoxic_CC/diameter/max': 18.64920361231385, 'normoxic_CC/phase_dwell/G1': 11.829656485640633, 'normoxic_CC/phase_dwell/Sy': 12.60007442135861, 'normoxic_CC/phase_dwell/G2': 2.331808528812626, 'normoxic_CC/can_divide/time_window': 1.8222207353748274, 'normoxic_CC/can_divide/probability_increment_with_age': 0.00028218451612235036, 'normoxic_CC/can_divide/influence_ratio': 3.534564802453936, 'normoxic_CC/can_apoptose/probability': 1.1991483212643795e-05, 'normoxic_CC/can_apoptose/time_window': 583.2320946567578}",
201,TrialState.PRUNED,30.691272936991844,"{'normoxic_CC/can_grow/probability': 0.45213847769664345, 'normoxic_CC/can_grow/diameter_rate': 0.18446132268477775, 'normoxic_CC/can_divide/probability': 0.18721360498801318, 'normoxic_CC/can_divide/diameter_cutoff': 11.696210195464898, 'normoxic_CC/diameter/max': 15.265534724720283, 'normoxic_CC/phase_dwell/G1': 4.944420806031593, 'normoxic_CC/phase_dwell/Sy': 5.933531247201508, 'normoxic_CC/phase_dwell/G2': 5.368668140810702, 'normoxic_CC/can_divide/time_window': 7.423641184987705, 'normoxic_CC/can_divide/probability_increment_with_age': 9.442737491781471e-05, 'normoxic_CC/can_divide/influence_ratio': 2.9853872750807984, 'normoxic_CC/can_apoptose/probability': 0.00035323027803540373, 'normoxic_CC/can_apoptose/time_window': 462.79736928343766}",
204,TrialState.PRUNED,11.824579599324363,"{'normoxic_CC/can_grow/probability': 0.18108687693332604, 'normoxic_CC/can_grow/diameter_rate': 13.258271169453101, 'normoxic_CC/can_divide/probability': 0.5679751893432214, 'normoxic_CC/can_divide/diameter_cutoff': 12.42990507151738, 'normoxic_CC/diameter/max': 17.327561142876547, 'normoxic_CC/phase_dwell/G1': 10.325457862494275, 'normoxic_CC/phase_dwell/Sy': 3.779637520493465, 'normoxic_CC/phase_dwell/G2': 5.975322686331723, 'normoxic_CC/can_divide/time_window': 14.574578822918355, 'normoxic_CC/can_divide/probability_increment_with_age': 0.0001921654888737289, 'normoxic_CC/can_divide/influence_ratio': 3.0215759715076222, 'normoxic_CC/can_apoptose/probability': 0.0013269817750010294, 'normoxic_CC/can_apoptose/time_window': 548.9423732060658}",
208,TrialState.PRUNED,11.160856993564263,"{'normoxic_CC/can_grow/probability': 0.9252950319622357, 'normoxic_CC/can_grow/diameter_rate': 0.6452249371435728, 'normoxic_CC/can_divide/probability': 0.07578077033409494, 'normoxic_CC/can_divide/diameter_cutoff': 10.46509208396856, 'normoxic_CC/diameter/max': 15.21989553608819, 'normoxic_CC/phase_dwell/G1': 6.312425598800969, 'normoxic_CC/phase_dwell/Sy': 2.509106180058015, 'normoxic_CC/phase_dwell/G2': 3.5906904800622295, 'normoxic_CC/can_divide/time_window': 21.004121684858433, 'normoxic_CC/can_divide/probability_increment_with_age': 8.080780864210308e-05, 'normoxic_CC/can_divide/influence_ratio': 2.314055188863027, 'normoxic_CC/can_apoptose/probability': 0.000817139246226592, 'normoxic_CC/can_apoptose/time_window': 211.50133953399893}",
210,TrialState.PRUNED,12.633891261286706,"{'normoxic_CC/can_grow/probability': 0.41342491540557963, 'normoxic_CC/can_grow/diameter_rate': 0.1105788166857088, 'normoxic_CC/can_divide/probability': 0.3817770621287773, 'normoxic_CC/can_divide/diameter_cutoff': 10.200570311415763, 'normoxic_CC/diameter/max': 18.56409722397096, 'normoxic_CC/phase_dwell/G1': 1.2171635147172517, 'normoxic_CC/phase_dwell/Sy': 3.3140833667400056, 'normoxic_CC/phase_dwell/G2': 2.4605668762557737, 'normoxic_CC/can_divide/time_window': 18.56248071226963, 'normoxic_CC/can_divide/probability_increment_with_age': 4.575468967621701e-05, 'normoxic_CC/can_divide/influence_ratio': 3.176092542473533, 'normoxic_CC/can_apoptose/probability': 0.003000687999253409, 'normoxic_CC/can_apoptose/time_window': 380.14881608643213}",
212,TrialState.PRUNED,10.925826325334258,"{'normoxic_CC/can_grow/probability': 0.8350137972011004, 'normoxic_CC/can_grow/diameter_rate': 0.3019824688089757, 'normoxic_CC/can_divide/probability': 0.1852914044600722, 'normoxic_CC/can_divide/diameter_cutoff': 13.934306669249601, 'normoxic_CC/diameter/max': 18.564180122492488, 'normoxic_CC/phase_dwell/G1': 10.286979692331288, 'normoxic_CC/phase_dwell/Sy': 8.493570766737099, 'normoxic_CC/phase_dwell/G2': 1.1033335386549346, 'normoxic_CC/can_divide/time_window': 11.332513495116096, 'normoxic_CC/can_divide/probability_increment_with_age': 0.0002799002913122567, 'normoxic_CC/can_divide/influence_ratio': 3.2720226758613387, 'normoxic_CC/can_apoptose/probability': 0.024996286885848165, 'normoxic_CC/can_apoptose/time_window': 291.7806405283268}",
215,TrialState.PRUNED,23.353128152436046,"{'normoxic_CC/can_grow/probability': 0.7690223627140256, 'normoxic_CC/can_grow/diameter_rate': 0.1220730758191572, 'normoxic_CC/can_divide/probability': 0.26813289323293404, 'normoxic_CC/can_divide/diameter_cutoff': 11.682134562204315, 'normoxic_CC/diameter/max': 16.02470305062663, 'normoxic_CC/phase_dwell/G1': 12.652179417230904, 'normoxic_CC/phase_dwell/Sy': 7.043732227674743, 'normoxic_CC/phase_dwell/G2': 4.675043009348987, 'normoxic_CC/can_divide/time_window': 16.284990895767052, 'normoxic_CC/can_divide/probability_increment_with_age': 0.00012863896170484235, 'normoxic_CC/can_divide/influence_ratio': 2.8124083985105415, 'normoxic_CC/can_apoptose/probability': 0.01869195413208013, 'normoxic_CC/can_apoptose/time_window': 112.87081638884855}",
217,TrialState.PRUNED,51.169306707722185,"{'normoxic_CC/can_grow/probability': 0.852354226515861, 'normoxic_CC/can_grow/diameter_rate': 0.3760984639343373, 'normoxic_CC/can_divide/probability': 0.40660149312304644, 'normoxic_CC/can_divide/diameter_cutoff': 14.103063636804338, 'normoxic_CC/diameter/max': 15.01210562251175, 'normoxic_CC/phase_dwell/G1': 3.538464997666333, 'normoxic_CC/phase_dwell/Sy': 3.397256995420241, 'normoxic_CC/phase_dwell/G2': 3.040322119098363, 'normoxic_CC/can_divide/time_window': 15.172053593291455, 'normoxic_CC/can_divide/probability_increment_with_age': 6.084942088901147e-05, 'normoxic_CC/can_divide/influence_ratio': 3.6325221459112553, 'normoxic_CC/can_apoptose/probability': 0.02586214062257451, 'normoxic_CC/can_apoptose/time_window': 373.92292511460334}",
219,TrialState.PRUNED,16.40041175049476,"{'normoxic_CC/can_grow/probability': 0.9057390050360736, 'normoxic_CC/can_grow/diameter_rate': 0.1401439274892547, 'normoxic_CC/can_divide/probability': 0.29282137695279253, 'normoxic_CC/can_divide/diameter_cutoff': 12.377322242412431, 'normoxic_CC/diameter/max': 19.125453655066117, 'normoxic_CC/phase_dwell/G1': 2.6650428822934162, 'normoxic_CC/phase_dwell/Sy': 3.3959491432236724, 'normoxic_CC/phase_dwell/G2': 2.6975800009347233, 'normoxic_CC/can_divide/time_window': 11.961037338685943, 'normoxic_CC/can_divide/probability_increment_with_age': 6.770655052747162e-05, 'normoxic_CC/can_divide/influence_ratio': 2.912018404770069, 'normoxic_CC/can_apoptose/probability': 0.0002908782810655979, 'normoxic_CC/can_apoptose/time_window': 339.670582455927}",
224,TrialState.PRUNED,40.225514689387396,"{'normoxic_CC/can_grow/probability': 0.0010408520643568342, 'normoxic_CC/can_grow/diameter_rate': 5.134601893698353, 'normoxic_CC/can_divide/probability': 0.8354976607820737, 'normoxic_CC/can_divide/diameter_cutoff': 10.969378233046186, 'normoxic_CC/diameter/max': 15.752086125944247, 'normoxic_CC/phase_dwell/G1': 3.062381032525557, 'normoxic_CC/phase_dwell/Sy': 12.963215932273828, 'normoxic_CC/phase_dwell/G2': 2.88398773180647, 'normoxic_CC/can_divide/time_window': 2.2821338101776636, 'normoxic_CC/can_divide/probability_increment_with_age': 0.0002561586284709693, 'normoxic_CC/can_divide/influence_ratio': 2.406406456314029, 'normoxic_CC/can_apoptose/probability': 0.0009348495556519607, 'normoxic_CC/can_apoptose/time_window': 722.327124833883}",
232,TrialState.PRUNED,12.020997877424579,"{'normoxic_CC/can_grow/probability': 0.6168586780647536, 'normoxic_CC/can_grow/diameter_rate': 0.538278914682762, 'normoxic_CC/can_divide/probability': 0.06709270811742492, 'normoxic_CC/can_divide/diameter_cutoff': 10.00037789654999, 'normoxic_CC/diameter/max': 18.387052065671252, 'normoxic_CC/phase_dwell/G1': 8.367023724572046, 'normoxic_CC/phase_dwell/Sy': 2.067703145484588, 'normoxic_CC/phase_dwell/G2': 1.173107345581975, 'normoxic_CC/can_divide/time_window': 20.14722015479442, 'normoxic_CC/can_divide/probability_increment_with_age': 2.3529361547131776e-05, 'normoxic_CC/can_divide/influence_ratio': 3.8817161596654235, 'normoxic_CC/can_apoptose/probability': 0.03921381086067323, 'normoxic_CC/can_apoptose/time_window': 137.7620113471014}",
234,TrialState.PRUNED,41.22297724010156,"{'normoxic_CC/can_grow/probability': 0.016533436596251366, 'normoxic_CC/can_grow/diameter_rate': 1.237836961196454, 'normoxic_CC/can_divide/probability': 0.05835151459751434, 'normoxic_CC/can_divide/diameter_cutoff': 11.216081894181391, 'normoxic_CC/diameter/max': 15.36118183851481, 'normoxic_CC/phase_dwell/G1': 3.8020237554670224, 'normoxic_CC/phase_dwell/Sy': 1.2576769130041936, 'normoxic_CC/phase_dwell/G2': 7.957582056221385, 'normoxic_CC/can_divide/time_window': 15.124853489647908, 'normoxic_CC/can_divide/probability_increment_with_age': 7.489635319282283e-05, 'normoxic_CC/can_divide/influence_ratio': 3.6364751007321097, 'normoxic_CC/can_apoptose/probability': 0.0011602371971454334, 'normoxic_CC/can_apoptose/time_window': 91.54521220408914}",
237,TrialState.PRUNED,13.52012461964129,"{'normoxic_CC/can_grow/probability': 0.04263937994838306, 'normoxic_CC/can_grow/diameter_rate': 12.528850578371044, 'normoxic_CC/can_divide/probability': 0.6578102183231697, 'normoxic_CC/can_divide/diameter_cutoff': 10.793313815961474, 'normoxic_CC/diameter/max': 16.757009782201933, 'normoxic_CC/phase_dwell/G1': 5.225632843382389, 'normoxic_CC/phase_dwell/Sy': 16.100731274521742, 'normoxic_CC/phase_dwell/G2': 1.463582431295384, 'normoxic_CC/can_divide/time_window': 13.320563361522101, 'normoxic_CC/can_divide/probability_increment_with_age': 6.391467304938344e-05, 'normoxic_CC/can_divide/influence_ratio': 3.748879554179365, 'normoxic_CC/can_apoptose/probability': 0.000816758198463607, 'normoxic_CC/can_apoptose/time_window': 1098.6769776254853}",
242,TrialState.PRUNED,50.49378498674629,"{'normoxic_CC/can_grow/probability': 0.9472266094619467, 'normoxic_CC/can_grow/diameter_rate': 0.22461538351286703, 'normoxic_CC/can_divide/probability': 0.25070339454181073, 'normoxic_CC/can_divide/diameter_cutoff': 13.011852708833732, 'normoxic_CC/diameter/max': 15.474115745515858, 'normoxic_CC/phase_dwell/G1': 3.3959678225874366, 'normoxic_CC/phase_dwell/Sy': 1.5493275214287188, 'normoxic_CC/phase_dwell/G2': 5.6275432353760255, 'normoxic_CC/can_divide/time_window': 4.688565316818699, 'normoxic_CC/can_divide/probability_increment_with_age': 6.103927637862225e-05, 'normoxic_CC/can_divide/influence_ratio': 2.0571674475199293, 'normoxic_CC/can_apoptose/probability': 0.005411581141854007, 'normoxic_CC/can_apoptose/time_window': 120.85783262999037}",
243,TrialState.PRUNED,23.957214441822813,"{'normoxic_CC/can_grow/probability': 0.7042038800211667, 'normoxic_CC/can_grow/diameter_rate': 0.259388457065233, 'normoxic_CC/can_divide/probability': 0.12948237835480556, 'normoxic_CC/can_divide/diameter_cutoff': 10.994415179404909, 'normoxic_CC/diameter/max': 16.149633463481567, 'normoxic_CC/phase_dwell/G1': 2.267777068282875, 'normoxic_CC/phase_dwell/Sy': 1.200012646964578, 'normoxic_CC/phase_dwell/G2': 3.6438535967781114, 'normoxic_CC/can_divide/time_window': 17.39979589359705, 'normoxic_CC/can_divide/probability_increment_with_age': 6.97702354317406e-05, 'normoxic_CC/can_divide/influence_ratio': 3.529312642356272, 'normoxic_CC/can_apoptose/probability': 0.016082917312041457, 'normoxic_CC/can_apoptose/time_window': 266.41147918954124}",
248,TrialState.PRUNED,11.758475740848057,"{'normoxic_CC/can_grow/probability': 0.8987263137392296, 'normoxic_CC/can_grow/diameter_rate': 0.29182586755992707, 'normoxic_CC/can_divide/probability': 0.47173820226227525, 'normoxic_CC/can_divide/diameter_cutoff': 11.724702922955865, 'normoxic_CC/diameter/max': 15.47345226289705, 'normoxic_CC/phase_dwell/G1': 11.941249522068555, 'normoxic_CC/phase_dwell/Sy': 4.770290751139861, 'normoxic_CC/phase_dwell/G2': 6.847733840942013, 'normoxic_CC/can_divide/time_window': 19.181291495587615, 'normoxic_CC/can_divide/probability_increment_with_age': 6.828432850076558e-05, 'normoxic_CC/can_divide/influence_ratio': 2.895945718896507, 'normoxic_CC/can_apoptose/probability': 0.0005647015577039601, 'normoxic_CC/can_apoptose/time_window': 322.32781584469285}",
250,TrialState.PRUNED,126.82604034405549,"{'normoxic_CC/can_grow/probability': 0.07392112995003669, 'normoxic_CC/can_grow/diameter_rate': 7.081780971254463, 'normoxic_CC/can_divide/probability': 0.625756567459216, 'normoxic_CC/can_divide/diameter_cutoff': 17.406690330545466, 'normoxic_CC/diameter/max': 15.614264554248498, 'normoxic_CC/phase_dwell/G1': 1.3926161449782235, 'normoxic_CC/phase_dwell/Sy': 1.0596455095622719, 'normoxic_CC/phase_dwell/G2': 5.033188732730727, 'normoxic_CC/can_divide/time_window': 2.970259365928112, 'normoxic_CC/can_divide/probability_increment_with_age': 0.00039673555124600316, 'normoxic_CC/can_divide/influence_ratio': 3.1895611129832577, 'normoxic_CC/can_apoptose/probability': 0.0042986374995566765, 'normoxic_CC/can_apoptose/time_window': 884.63614744427}",
251,TrialState.PRUNED,26.8029047064241,"{'normoxic_CC/can_grow/probability': 0.942001621400322, 'normoxic_CC/can_grow/diameter_rate': 0.17998074431886799, 'normoxic_CC/can_divide/probability': 0.15042248789031645, 'normoxic_CC/can_divide/diameter_cutoff': 12.982032743178658, 'normoxic_CC/diameter/max': 21.48943694425925, 'normoxic_CC/phase_dwell/G1': 19.10488365344659, 'normoxic_CC/phase_dwell/Sy': 1.4986231067114226, 'normoxic_CC/phase_dwell/G2': 5.499622966858988, 'normoxic_CC/can_divide/time_window': 17.37859556693121, 'normoxic_CC/can_divide/probability_increment_with_age': 1.3690635761468101e-05, 'normoxic_CC/can_divide/influence_ratio': 3.4587542268882374, 'normoxic_CC/can_apoptose/probability': 0.00325572708000593, 'normoxic_CC/can_apoptose/time_window': 149.4324589126826}",
256,TrialState.PRUNED,13.970722337640915,"{'normoxic_CC/can_grow/probability': 0.3598389594999488, 'normoxic_CC/can_grow/diameter_rate': 4.546303264681055, 'normoxic_CC/can_divide/probability': 0.3448190556505051, 'normoxic_CC/can_divide/diameter_cutoff': 11.730358243322437, 'normoxic_CC/diameter/max': 16.19372467209995, 'normoxic_CC/phase_dwell/G1': 3.0797812458937006, 'normoxic_CC/phase_dwell/Sy': 3.2799914904220615, 'normoxic_CC/phase_dwell/G2': 5.687913178986323, 'normoxic_CC/can_divide/time_window': 13.095929564440855, 'normoxic_CC/can_divide/probability_increment_with_age': 8.644303283538534e-06, 'normoxic_CC/can_divide/influence_ratio': 1.1751467209378572, 'normoxic_CC/can_apoptose/probability': 0.0008814411694883541, 'normoxic_CC/can_apoptose/time_window': 525.1157144014068}",
258,TrialState.PRUNED,23.39715336398232,"{'normoxic_CC/can_grow/probability': 0.8903052181389715, 'normoxic_CC/can_grow/diameter_rate': 0.1294580406486196, 'normoxic_CC/can_divide/probability': 0.22087577580799778, 'normoxic_CC/can_divide/diameter_cutoff': 10.786004945275089, 'normoxic_CC/diameter/max': 16.471641804070483, 'normoxic_CC/phase_dwell/G1': 16.286760326573344, 'normoxic_CC/phase_dwell/Sy': 4.1690772579988815, 'normoxic_CC/phase_dwell/G2': 5.434759676640772, 'normoxic_CC/can_divide/time_window': 7.4418401943983845, 'normoxic_CC/can_divide/probability_increment_with_age': 7.35870399568028e-06, 'normoxic_CC/can_divide/influence_ratio': 3.176768890220207, 'normoxic_CC/can_apoptose/probability': 0.0007755940713645164, 'normoxic_CC/can_apoptose/time_window': 133.85245230856842}",
260,TrialState.PRUNED,23.540904448134558,"{'normoxic_CC/can_grow/probability': 0.008576745129568075, 'normoxic_CC/can_grow/diameter_rate': 0.18915521172319955, 'normoxic_CC/can_divide/probability': 0.37026433898735084, 'normoxic_CC/can_divide/diameter_cutoff': 12.474093161973476, 'normoxic_CC/diameter/max': 20.880217844093174, 'normoxic_CC/phase_dwell/G1': 2.953603669957885, 'normoxic_CC/phase_dwell/Sy': 6.6822688166213755, 'normoxic_CC/phase_dwell/G2': 8.473671693112108, 'normoxic_CC/can_divide/time_window': 8.404191397266185, 'normoxic_CC/can_divide/probability_increment_with_age': 3.54940789345436e-05, 'normoxic_CC/can_divide/influence_ratio': 3.745581972810782, 'normoxic_CC/can_apoptose/probability': 0.0200429814690465, 'normoxic_CC/can_apoptose/time_window': 187.37340590474432}",
266,TrialState.PRUNED,24.698030286706327,"{'normoxic_CC/can_grow/probability': 0.329647521437607, 'normoxic_CC/can_grow/diameter_rate': 0.2847007008625709, 'normoxic_CC/can_divide/probability': 0.49984990803757895, 'normoxic_CC/can_divide/diameter_cutoff': 12.292089738487501, 'normoxic_CC/diameter/max': 16.69675420188242, 'normoxic_CC/phase_dwell/G1': 3.254484016105531, 'normoxic_CC/phase_dwell/Sy': 7.583745099887574, 'normoxic_CC/phase_dwell/G2': 11.315275003090935, 'normoxic_CC/can_divide/time_window': 3.4117618868467168, 'normoxic_CC/can_divide/probability_increment_with_age': 4.8948587904344835e-05, 'normoxic_CC/can_divide/influence_ratio': 2.4018239795434786, 'normoxic_CC/can_apoptose/probability': 0.0016389822366247617, 'normoxic_CC/can_apoptose/time_window': 127.51932509752882}",
267,TrialState.PRUNED,13.427867810625052,"{'normoxic_CC/can_grow/probability': 0.3807475217143254, 'normoxic_CC/can_grow/diameter_rate': 3.7867442032119896, 'normoxic_CC/can_divide/probability': 0.4467138742182975, 'normoxic_CC/can_divide/diameter_cutoff': 10.271375429215915, 'normoxic_CC/diameter/max': 20.791440533360536, 'normoxic_CC/phase_dwell/G1': 1.2762364254205611, 'normoxic_CC/phase_dwell/Sy': 4.129662935246973, 'normoxic_CC/phase_dwell/G2': 8.47653518543865, 'normoxic_CC/can_divide/time_window': 8.631684016673772, 'normoxic_CC/can_divide/probability_increment_with_age': 8.214759203298134e-05, 'normoxic_CC/can_divide/influence_ratio': 3.3043585891009934, 'normoxic_CC/can_apoptose/probability': 0.007174604155804429, 'normoxic_CC/can_apoptose/time_window': 108.70867861337781}",
268,TrialState.PRUNED,26.675679472502033,"{'normoxic_CC/can_grow/probability': 0.09491167510062373, 'normoxic_CC/can_grow/diameter_rate': 0.46095585119967303, 'normoxic_CC/can_divide/probability': 0.33983621164449107, 'normoxic_CC/can_divide/diameter_cutoff': 11.288225134533139, 'normoxic_CC/diameter/max': 22.443642483206716, 'normoxic_CC/phase_dwell/G1': 14.446714577451296, 'normoxic_CC/phase_dwell/Sy': 7.492480332275701, 'normoxic_CC/phase_dwell/G2': 4.475643668096295, 'normoxic_CC/can_divide/time_window': 2.1206551649676983, 'normoxic_CC/can_divide/probability_increment_with_age': 0.00021274028212646244, 'normoxic_CC/can_divide/influence_ratio': 3.160446252954127, 'normoxic_CC/can_apoptose/probability': 0.037599764956518074, 'normoxic_CC/can_apoptose/time_window': 113.21028552160796}",
273,TrialState.PRUNED,16.715891856283807,"{'normoxic_CC/can_grow/probability': 0.6384612969762262, 'normoxic_CC/can_grow/diameter_rate': 0.18159869086151154, 'normoxic_CC/can_divide/probability': 0.6525404733811467, 'normoxic_CC/can_divide/diameter_cutoff': 13.781562497175731, 'normoxic_CC/diameter/max': 23.807147160925524, 'normoxic_CC/phase_dwell/G1': 3.6042274218545822, 'normoxic_CC/phase_dwell/Sy': 1.2062554187720682, 'normoxic_CC/phase_dwell/G2': 9.811792025381244, 'normoxic_CC/can_divide/time_window': 7.314950551143642, 'normoxic_CC/can_divide/probability_increment_with_age': 0.0001331824617787362, 'normoxic_CC/can_divide/influence_ratio': 2.6189901187872313, 'normoxic_CC/can_apoptose/probability': 0.02485233209989397, 'normoxic_CC/can_apoptose/time_window': 154.2696444129899}",
274,TrialState.PRUNED,54.15113901893996,"{'normoxic_CC/can_grow/probability': 0.002750818219925878, 'normoxic_CC/can_grow/diameter_rate': 1.5375073326399664, 'normoxic_CC/can_divide/probability': 0.5578383991393933, 'normoxic_CC/can_divide/diameter_cutoff': 14.799525865435356, 'normoxic_CC/diameter/max': 22.455330475130214, 'normoxic_CC/phase_dwell/G1': 13.102823962859322, 'normoxic_CC/phase_dwell/Sy': 4.8027581531786385, 'normoxic_CC/phase_dwell/G2': 7.082691899974185, 'normoxic_CC/can_divide/time_window': 7.600922766966487, 'normoxic_CC/can_divide/probability_increment_with_age': 0.0003495686462553315, 'normoxic_CC/can_divide/influence_ratio': 3.978442061981312, 'normoxic_CC/can_apoptose/probability': 2.9179620763301076e-05, 'normoxic_CC/can_apoptose/time_window': 1208.1360283804488}",
276,TrialState.PRUNED,21.13145404217716,"{'normoxic_CC/can_grow/probability': 0.21033438909338603, 'normoxic_CC/can_grow/diameter_rate': 3.2658980700847895, 'normoxic_CC/can_divide/probability': 0.15812462320029755, 'normoxic_CC/can_divide/diameter_cutoff': 10.291645532988316, 'normoxic_CC/diameter/max': 22.472160583040207, 'normoxic_CC/phase_dwell/G1': 9.634430078939829, 'normoxic_CC/phase_dwell/Sy': 2.4733617143828117, 'normoxic_CC/phase_dwell/G2': 5.383252630163492, 'normoxic_CC/can_divide/time_window': 14.67999895487035, 'normoxic_CC/can_divide/probability_increment_with_age': 4.896457940611066e-05, 'normoxic_CC/can_divide/influence_ratio': 3.6237412070686377, 'normoxic_CC/can_apoptose/probability': 0.00331353377533664, 'normoxic_CC/can_apoptose/time_window': 171.68449845890552}",
278,TrialState.PRUNED,9.209764984366949,"{'normoxic_CC/can_grow/probability': 0.26004325943957773, 'normoxic_CC/can_grow/diameter_rate': 0.7010533185543082, 'normoxic_CC/can_divide/probability': 0.4679183210786697, 'normoxic_CC/can_divide/diameter_cutoff': 14.125296925543614, 'normoxic_CC/diameter/max': 18.24760428375808, 'normoxic_CC/phase_dwell/G1': 10.741432015141015, 'normoxic_CC/phase_dwell/Sy': 3.535932372917641, 'normoxic_CC/phase_dwell/G2': 7.431776355700698, 'normoxic_CC/can_divide/time_window': 2.4486445518234095, 'normoxic_CC/can_divide/probability_increment_with_age': 8.964457138407184e-06, 'normoxic_CC/can_divide/influence_ratio': 2.473111631976848, 'normoxic_CC/can_apoptose/probability': 0.04238445092017202, 'normoxic_CC/can_apoptose/time_window': 275.1888067276172}",
279,TrialState.PRUNED,38.84807284086335,"{'normoxic_CC/can_grow/probability': 0.5476265613530235, 'normoxic_CC/can_grow/diameter_rate': 0.22238438200404004, 'normoxic_CC/can_divide/probability': 0.001971659072437446, 'normoxic_CC/can_divide/diameter_cutoff': 13.169491483154797, 'normoxic_CC/diameter/max': 15.808961639424746, 'normoxic_CC/phase_dwell/G1': 4.306877486197043, 'normoxic_CC/phase_dwell/Sy': 6.1289763363511724, 'normoxic_CC/phase_dwell/G2': 5.908207537555414, 'normoxic_CC/can_divide/time_window': 1.807579530321998, 'normoxic_CC/can_divide/probability_increment_with_age': 0.00024607726787315127, 'normoxic_CC/can_divide/influence_ratio': 2.86722683371274, 'normoxic_CC/can_apoptose/probability': 0.0024365627537033833, 'normoxic_CC/can_apoptose/time_window': 74.339837242745}",
280,TrialState.PRUNED,25.706553541077458,"{'normoxic_CC/can_grow/probability': 0.8575640709704934, 'normoxic_CC/can_grow/diameter_rate': 0.1269533918112993, 'normoxic_CC/can_divide/probability': 0.5770700689674066, 'normoxic_CC/can_divide/diameter_cutoff': 12.322657447587169, 'normoxic_CC/diameter/max': 17.193412684146622, 'normoxic_CC/phase_dwell/G1': 12.155220324542672, 'normoxic_CC/phase_dwell/Sy': 7.90976164271675, 'normoxic_CC/phase_dwell/G2': 5.289140415627699, 'normoxic_CC/can_divide/time_window': 9.063274521660087, 'normoxic_CC/can_divide/probability_increment_with_age': 0.0001326062138779389, 'normoxic_CC/can_divide/influence_ratio': 3.764314789349605, 'normoxic_CC/can_apoptose/probability': 0.00036251717821404923, 'normoxic_CC/can_apoptose/time_window': 148.34214244019776}",
287,TrialState.PRUNED,9.100104204588959,"{'normoxic_CC/can_grow/probability': 0.550859685057594, 'normoxic_CC/can_grow/diameter_rate': 0.9615705430763337, 'normoxic_CC/can_divide/probability': 0.8280377150986995, 'normoxic_CC/can_divide/diameter_cutoff': 10.799682785245137, 'normoxic_CC/diameter/max': 20.1260554820702, 'normoxic_CC/phase_dwell/G1': 3.742396811622378, 'normoxic_CC/phase_dwell/Sy': 3.6319698275780796, 'normoxic_CC/phase_dwell/G2': 7.71036543161797, 'normoxic_CC/can_divide/time_window': 2.878320026621253, 'normoxic_CC/can_divide/probability_increment_with_age': 3.75029554419392e-05, 'normoxic_CC/can_divide/influence_ratio': 2.232607001370483, 'normoxic_CC/can_apoptose/probability': 0.010053971946109186, 'normoxic_CC/can_apoptose/time_window': 80.67351752245818}",
288,TrialState.PRUNED,10.937620707593162,"{'normoxic_CC/can_grow/probability': 0.2119223981296396, 'normoxic_CC/can_grow/diameter_rate': 4.950814025114052, 'normoxic_CC/can_divide/probability': 0.6735264256191318, 'normoxic_CC/can_divide/diameter_cutoff': 12.056233644288149, 'normoxic_CC/diameter/max': 18.59027019853507, 'normoxic_CC/phase_dwell/G1': 1.600219310006515, 'normoxic_CC/phase_dwell/Sy': 3.7150527231728163, 'normoxic_CC/phase_dwell/G2': 7.714355039219212, 'normoxic_CC/can_divide/time_window': 15.14007005157453, 'normoxic_CC/can_divide/probability_increment_with_age': 8.04875282931561e-05, 'normoxic_CC/can_divide/influence_ratio': 3.293448512999944, 'normoxic_CC/can_apoptose/probability': 0.01273462924619774, 'normoxic_CC/can_apoptose/time_window': 376.8403455414287}",
290,TrialState.PRUNED,21.858118955867376,"{'normoxic_CC/can_grow/probability': 0.0015817549955995103, 'normoxic_CC/can_grow/diameter_rate': 2.1118803272517654, 'normoxic_CC/can_divide/probability': 0.20976632154887043, 'normoxic_CC/can_divide/diameter_cutoff': 10.785010735418885, 'normoxic_CC/diameter/max': 17.701098780062186, 'normoxic_CC/phase_dwell/G1': 9.883645674609891, 'normoxic_CC/phase_dwell/Sy': 3.0712445745781984, 'normoxic_CC/phase_dwell/G2': 5.62846894381263, 'normoxic_CC/can_divide/time_window': 1.5580467699623946, 'normoxic_CC/can_divide/probability_increment_with_age': 0.00023162521926618884, 'normoxic_CC/can_divide/influence_ratio': 3.4857744428737973, 'normoxic_CC/can_apoptose/probability': 0.023649430236437563, 'normoxic_CC/can_apoptose/time_window': 230.12301162667976}",
293,TrialState.PRUNED,23.39715336398232,"{'normoxic_CC/can_grow/probability': 0.281532316729244, 'normoxic_CC/can_grow/diameter_rate': 11.266873460418848, 'normoxic_CC/can_divide/probability': 0.6423145227678572, 'normoxic_CC/can_divide/diameter_cutoff': 11.086663620255896, 'normoxic_CC/diameter/max': 15.60169057925658, 'normoxic_CC/phase_dwell/G1': 13.35523815697503, 'normoxic_CC/phase_dwell/Sy': 9.483779413927845, 'normoxic_CC/phase_dwell/G2': 2.106431748009079, 'normoxic_CC/can_divide/time_window': 4.463390999119988, 'normoxic_CC/can_divide/probability_increment_with_age': 0.0002192087583688508, 'normoxic_CC/can_divide/influence_ratio': 2.9186676748218545, 'normoxic_CC/can_apoptose/probability': 0.0013897983829233701, 'normoxic_CC/can_apoptose/time_window': 83.65285449538969}",
295,TrialState.PRUNED,9.481132046685712,"{'normoxic_CC/can_grow/probability': 0.5895232267561534, 'normoxic_CC/can_grow/diameter_rate': 1.0334571223227744, 'normoxic_CC/can_divide/probability': 0.76542548294678, 'normoxic_CC/can_divide/diameter_cutoff': 12.011626995637236, 'normoxic_CC/diameter/max': 22.509820409253237, 'normoxic_CC/phase_dwell/G1': 3.378606619081263, 'normoxic_CC/phase_dwell/Sy': 2.9504479730803856, 'normoxic_CC/phase_dwell/G2': 8.574571770897283, 'normoxic_CC/can_divide/time_window': 13.32698740759589, 'normoxic_CC/can_divide/probability_increment_with_age': 9.477429917737008e-06, 'normoxic_CC/can_divide/influence_ratio': 3.727160159303699, 'normoxic_CC/can_apoptose/probability': 0.0024114018525685527, 'normoxic_CC/can_apoptose/time_window': 82.53702193172731}",
299,TrialState.PRUNED,10.35967198809862,"{'normoxic_CC/can_grow/probability': 0.8394874965060675, 'normoxic_CC/can_grow/diameter_rate': 0.36751798732876345, 'normoxic_CC/can_divide/probability': 0.1844405748680188, 'normoxic_CC/can_divide/diameter_cutoff': 13.063631835074732, 'normoxic_CC/diameter/max': 28.511892704232864, 'normoxic_CC/phase_dwell/G1': 2.039852062078358, 'normoxic_CC/phase_dwell/Sy': 8.969962377352793, 'normoxic_CC/phase_dwell/G2': 4.5283397981663915, 'normoxic_CC/can_divide/time_window': 4.936875860266317, 'normoxic_CC/can_divide/probability_increment_with_age': 0.00029365524419335557, 'normoxic_CC/can_divide/influence_ratio': 3.846267121334617, 'normoxic_CC/can_apoptose/probability': 0.0006602311737332354, 'normoxic_CC/can_apoptose/time_window': 824.9162106764476}",
