number,state,value,datetime_start,datetime_complete,normoxic_CC/can_grow/probability,normoxic_CC/can_grow/diameter_rate,normoxic_CC/can_divide/probability,normoxic_CC/can_divide/diameter_cutoff,normoxic_CC/can_divide/O2/threshold,normoxic_CC/diameter/max,attr_penalty,attr_score_curve,attr_error
0,TrialState.COMPLETE,28.453985877352114,2026-06-09 23:47:49.965545,2026-06-09 23:47:50.395582,0.18960425587510335,3.102983825640553,0.4333504616170433,19.424303004565232,0.7799758081188035,19.088889079239625,0.0,28.453985877352114,
1,TrialState.COMPLETE,994.8119591343292,2026-06-09 23:47:50.404908,2026-06-09 23:47:50.754118,0.2736996125916657,8.372234350653866,0.9485579601468681,20.511191616905137,0.35781726995786667,22.51492688285188,867.9859187902737,126.82604034405549,
2,TrialState.COMPLETE,13.156099281107586,2026-06-09 23:47:50.759956,2026-06-09 23:47:51.120123,0.6766283058204149,5.117015173208215,0.36654824724249097,16.7343542327875,0.5030831653078097,15.206526743860234,8.990327566059413,4.165771715048173,
3,TrialState.COMPLETE,998.6394736230653,2026-06-09 23:47:51.126929,2026-06-09 23:47:51.479660,0.7650983553962503,13.077376409526114,0.36123712406235853,17.384754141201924,0.07538124164297655,20.53236009002962,871.8134332790098,126.82604034405549,
4,TrialState.COMPLETE,27.464976488582025,2026-06-09 23:47:51.485089,2026-06-09 23:47:51.846727,0.9238087009626964,3.6472514903079065,0.39323055194889267,19.464761715288944,0.31683612216887125,23.521479789391037,0.0,27.464976488582025,
5,TrialState.PRUNED,,2026-06-09 23:52:44.242757,2026-06-09 23:52:44.553586,0.18960425587510335,3.102983825640553,0.4333504616170433,19.424303004565232,0.7799758081188035,19.088889079239625,,,ABM command failed with exit code 1. See /home/aiwsif/Desktop/calibration-tools/outputs/optuna/EGI1/control/abm_evals/EGI1_0s_optuna_r0_00001/run.log
6,TrialState.COMPLETE,0.7013025652634504,2026-06-09 23:52:44.563052,2026-06-09 23:52:59.843317,0.2736996125916657,8.372234350653866,0.9485579601468681,20.511191616905137,0.35781726995786667,22.51492688285188,0.0,0.7013025652634504,
7,TrialState.PRUNED,,2026-06-09 23:52:59.855504,2026-06-09 23:53:00.070883,0.6766283058204149,5.117015173208215,0.36654824724249097,16.7343542327875,0.5030831653078097,15.206526743860234,,,ABM command failed with exit code 1. See /home/aiwsif/Desktop/calibration-tools/outputs/optuna/EGI1/control/abm_evals/EGI1_0s_optuna_r0_00005/run.log
8,TrialState.COMPLETE,0.8341703632290415,2026-06-09 23:53:00.076899,2026-06-09 23:53:14.234177,0.7650983553962503,13.077376409526114,0.36123712406235853,17.384754141201924,0.07538124164297655,20.53236009002962,0.0,0.8341703632290415,
9,TrialState.COMPLETE,0.6847646981217441,2026-06-09 23:53:14.241727,2026-06-09 23:53:28.408419,0.9238087009626964,3.6472514903079065,0.39323055194889267,19.464761715288944,0.31683612216887125,23.521479789391037,0.0,0.6847646981217441,
10,TrialState.COMPLETE,0.4619889540239076,2026-06-09 23:53:28.419173,2026-06-09 23:53:43.851690,0.8604361156656135,1.1115210809466978,0.7941261656593575,11.725201894174775,0.7042609711183354,25.568719622843588,0.0,0.4619889540239076,
11,TrialState.PRUNED,,2026-06-09 23:53:43.862527,2026-06-09 23:53:44.124436,0.21660418461734768,16.51114112264687,0.4377193478501349,20.91179150766967,0.0598092227798519,17.764306257207206,,,ABM command failed with exit code 1. See /home/aiwsif/Desktop/calibration-tools/outputs/optuna/EGI1/control/abm_evals/EGI1_0s_optuna_r0_00015/run.log
12,TrialState.COMPLETE,172.08771694196906,2026-06-09 23:53:44.130322,2026-06-09 23:53:54.403717,0.04688172601349998,4.152637444628322,0.5886785321351043,16.399721955985008,0.04332406269480349,23.42149620095097,146.74140227214295,25.346314669826114,
13,TrialState.PRUNED,,2026-06-09 23:53:54.410959,2026-06-09 23:53:54.672305,0.32637176116470584,1.6072531742874256,0.11077537439865978,17.286324474621814,0.5659446430505314,15.101460929850042,,,ABM command failed with exit code 1. See /home/aiwsif/Desktop/calibration-tools/outputs/optuna/EGI1/control/abm_evals/EGI1_0s_optuna_r0_00019/run.log
14,TrialState.COMPLETE,73.75541813972309,2026-06-09 23:53:54.679014,2026-06-09 23:54:07.959935,0.611267291716254,15.389197107461644,0.782618891726463,21.904977594260338,0.9588017621528665,26.879462029374597,62.79990265430855,10.95551548541454,
15,TrialState.PRUNED,,2026-06-09 23:54:07.967179,2026-06-09 23:54:08.231662,0.2823984504242647,3.1514670427331524,0.4733128577139678,12.34810214399078,0.38231745203150647,15.80810527719355,,,ABM command failed with exit code 1. See /home/aiwsif/Desktop/calibration-tools/outputs/optuna/EGI1/control/abm_evals/EGI1_0s_optuna_r0_00023/run.log
16,TrialState.COMPLETE,61.21847481455072,2026-06-09 23:54:08.237510,2026-06-09 23:54:20.136551,0.4471319241782505,22.635414848731546,0.12270327348209335,11.43257077511498,0.7385230561433468,23.80955450195977,49.42574932860676,11.792725485943954,
17,TrialState.COMPLETE,556.3434371604319,2026-06-09 23:54:20.143376,2026-06-09 23:54:27.201009,0.46691620897716407,0.18066901672303223,0.22692637980601174,20.799582338040103,0.4167535378026932,23.037774937974238,434.93293351411927,121.41050364631258,
18,TrialState.COMPLETE,499.3205222925005,2026-06-09 23:54:27.208193,2026-06-09 23:54:34.815432,0.006146431421258104,0.5259213173062599,0.43252424045385407,17.34578796478909,0.9181980753805731,24.38605004943803,399.52946033605014,99.79106195645042,
19,TrialState.COMPLETE,496.1328604208369,2026-06-09 23:54:34.822357,2026-06-09 23:54:42.500632,0.6989375894309555,0.2287137434477993,0.7386027750453494,19.972083909202453,0.6337257689509791,21.57464821683641,397.34304308744254,98.78981733339432,
20,TrialState.COMPLETE,294.36257571935494,2026-06-09 23:54:42.507721,2026-06-09 23:54:51.405984,0.1510470469277603,2.306811765105181,0.5229420348092099,21.417145165043117,0.4803591785100161,22.538393450738255,247.69639767706423,46.66617804229074,
21,TrialState.COMPLETE,188.91919695884764,2026-06-09 23:54:51.413608,2026-06-09 23:55:01.311682,0.5315094109951657,9.212922371643186,0.056544481707971286,18.033060916894584,0.7671166283794725,25.621730429664055,159.47630670101452,29.44289025783311,
22,TrialState.COMPLETE,0.46747916833677633,2026-06-09 23:55:01.319049,2026-06-09 23:55:16.836574,0.7888985118879446,2.1750888682742007,0.9561781666722063,11.765882798715966,0.02964700053541558,23.908402389371574,0.0,0.46747916833677633,
23,TrialState.COMPLETE,1.6302444810014274,2026-06-09 23:55:16.843970,2026-06-09 23:55:31.052506,0.11292504175523585,19.053948197566367,0.32245034028109376,12.323424281845327,0.45781164889742754,28.806038566396317,0.0,1.6302444810014274,
24,TrialState.COMPLETE,11.48153202539094,2026-06-09 23:55:31.059946,2026-06-09 23:55:44.616806,0.870278469899529,0.4034200007425284,0.3445287049406527,12.191064778963705,0.9017960513709921,25.597922447576963,7.580519837848505,3.901012187542436,
25,TrialState.PRUNED,,2026-06-09 23:55:44.624021,2026-06-09 23:55:44.883238,0.7193918769465193,14.399805803081865,0.771372162761631,17.18985736725151,0.29112524489787484,17.270928966111484,,,ABM command failed with exit code 1. See /home/aiwsif/Desktop/calibration-tools/outputs/optuna/EGI1/control/abm_evals/EGI1_0s_optuna_r0_00051/run.log
26,TrialState.COMPLETE,145.4401682509634,2026-06-09 23:55:44.889110,2026-06-09 23:55:55.208807,0.33182291255794055,3.7737203535923323,0.07260911819629198,10.660076744874683,0.32319481392117644,23.857227066944795,122.34895542748583,23.091212823477576,
27,TrialState.PRUNED,,2026-06-09 23:55:55.216452,2026-06-09 23:55:55.481274,0.8453595814543853,0.48793107035910604,0.17133655454664423,11.608254471986115,0.9946538286442945,17.69246804204088,,,ABM command failed with exit code 1. See /home/aiwsif/Desktop/calibration-tools/outputs/optuna/EGI1/control/abm_evals/EGI1_0s_optuna_r0_00055/run.log
28,TrialState.COMPLETE,563.7257792317189,2026-06-09 23:55:55.487292,2026-06-09 23:56:02.613687,0.31437135479692385,2.305306611528828,0.009255088755242065,20.807783453861102,0.9772414309225871,23.35342018705252,439.31316982528705,124.4126094064318,
29,TrialState.PRUNED,,2026-06-09 23:56:02.620689,2026-06-09 23:56:02.886594,0.08392610496024824,0.6288107179546977,0.7211443896059753,11.709224480101806,0.5524689394975455,19.095648895255284,,,ABM command failed with exit code 1. See /home/aiwsif/Desktop/calibration-tools/outputs/optuna/EGI1/control/abm_evals/EGI1_0s_optuna_r0_00059/run.log
30,TrialState.COMPLETE,0.47973055225536865,2026-06-09 23:56:02.892824,2026-06-09 23:56:18.320691,0.986279768440453,1.9094910240043024,0.8851186791970923,11.91611156282559,0.01685813049864283,21.369354532899255,0.0,0.47973055225536865,
31,TrialState.COMPLETE,0.46528434589797407,2026-06-09 23:56:18.327771,2026-06-09 23:56:33.790651,0.9828323552329901,2.5380190828065694,0.8960962344815595,11.749793751186045,0.13188227175433526,23.254886519300218,0.0,0.46528434589797407,
32,TrialState.COMPLETE,0.4763440826431252,2026-06-09 23:56:33.798177,2026-06-09 23:56:49.220899,0.9148337222195777,1.5891019828300847,0.9036515400644133,12.202386532018433,0.07570928355894936,22.778032649934826,0.0,0.4763440826431252,
33,TrialState.COMPLETE,0.4619889540239076,2026-06-09 23:56:49.228170,2026-06-09 23:57:04.860075,0.7148539539429071,1.3058566782965926,0.8655000425053608,12.735378505049903,0.6607517688175718,25.158545492874744,0.0,0.4619889540239076,
34,TrialState.COMPLETE,0.46528434589797407,2026-06-09 23:57:04.867422,2026-06-09 23:57:20.324722,0.7034644236067853,1.4819496141314954,0.9432297970279855,12.92100036153326,0.8401962307406052,24.10648382662678,0.0,0.46528434589797407,
35,TrialState.COMPLETE,0.5465219832872026,2026-06-09 23:57:20.331943,2026-06-09 23:57:35.708628,0.8826083590347006,1.6551024215380472,0.8690014696617575,12.978140464524648,0.8914188828629477,24.82798442897706,0.0,0.5465219832872026,
36,TrialState.COMPLETE,1.3583639396613518,2026-06-09 23:57:35.715783,2026-06-09 23:57:50.580098,0.4808972753327671,0.39953843244162984,0.9824413036778038,13.338030393553113,0.5942670592633522,22.579443357796894,0.0,1.3583639396613518,
37,TrialState.COMPLETE,0.46268996529461404,2026-06-09 23:57:50.587182,2026-06-09 23:58:06.401766,0.6634881552866737,1.2313812902402126,0.9316480614628944,10.198288661128599,0.4388707303163614,27.108423850509865,0.0,0.46268996529461404,
38,TrialState.COMPLETE,0.48035338553687634,2026-06-09 23:58:06.409047,2026-06-09 23:58:22.220720,0.6146210536276128,0.46720069037797557,0.9426358282008555,11.615900900492562,0.5075244852199146,28.692018635993897,0.0,0.48035338553687634,
39,TrialState.COMPLETE,0.4745615661442568,2026-06-09 23:58:22.228051,2026-06-09 23:58:37.574796,0.6366928011793784,0.9455807827609748,0.6655797570854785,10.065098520733173,0.4986198507436512,24.784594281802473,0.0,0.4745615661442568,
40,TrialState.COMPLETE,0.4819578194475442,2026-06-09 23:58:37.582034,2026-06-09 23:58:53.358044,0.9659225527986026,0.33622527127211155,0.7818687670739397,11.663729284606507,0.6672136922554017,25.88230885798537,0.0,0.4819578194475442,
41,TrialState.COMPLETE,0.46417352982887905,2026-06-09 23:58:53.365338,2026-06-09 23:59:08.795847,0.9627144390370187,2.88643559636941,0.8816366409539217,16.14108968731423,0.4359806777134293,24.335672572510855,0.0,0.46417352982887905,
42,TrialState.COMPLETE,0.4620057125085417,2026-06-09 23:59:08.803125,2026-06-09 23:59:24.655896,0.9511877086135655,6.671326508893605,0.9592313810217125,14.62197962901497,0.5405057655077709,28.486057069614475,0.0,0.4620057125085417,
43,TrialState.COMPLETE,0.4620057125085417,2026-06-09 23:59:24.663615,2026-06-09 23:59:40.593683,0.9832703805281873,5.194177396351194,0.9784770752114303,15.434803823144591,0.4918845571842684,28.198493120028935,0.0,0.4620057125085417,
44,TrialState.COMPLETE,0.4619889540239076,2026-06-09 23:59:40.600763,2026-06-09 23:59:56.497764,0.8993034116124021,4.347351343579175,0.8777136813492215,15.027834617802428,0.6860672430305281,29.48041629697861,0.0,0.4619889540239076,
45,TrialState.COMPLETE,0.4620057125085417,2026-06-09 23:59:56.505012,2026-06-10 00:00:13.049590,0.9792786760193796,21.334451640627442,0.8886746959127103,14.764192701736143,0.7535863233634948,29.214358329355417,0.0,0.4620057125085417,
46,TrialState.COMPLETE,0.4620057125085417,2026-06-10 00:00:13.059767,2026-06-10 00:00:29.069618,0.9556487817592062,1.8127353183743498,0.9418153366381814,16.87576960360076,0.6641009201035976,29.32700687873758,0.0,0.4620057125085417,
47,TrialState.COMPLETE,0.4620057125085417,2026-06-10 00:00:29.077327,2026-06-10 00:00:45.149717,0.8883342600884281,9.14042540788649,0.9153110998837757,17.04387009167535,0.10089809215764428,28.131063404814157,0.0,0.4620057125085417,
48,TrialState.COMPLETE,0.4619889540239076,2026-06-10 00:00:45.157018,2026-06-10 00:01:01.118731,0.8190925159086312,10.499425449514801,0.8713884624187291,12.543268745913554,0.4156675125883651,27.544163769087348,0.0,0.4619889540239076,
49,TrialState.COMPLETE,0.4626240186951348,2026-06-10 00:01:01.126468,2026-06-10 00:01:16.788626,0.6409220631233701,7.623843403669225,0.6542790603581838,12.73463446086274,0.4737296161952489,28.27469949396923,0.0,0.4626240186951348,
50,TrialState.COMPLETE,0.4620057125085417,2026-06-10 00:01:16.796211,2026-06-10 00:01:33.482414,0.7143392420405821,22.974404621403252,0.9761939150318626,11.391471117831136,0.23456156581671866,27.353152733081906,0.0,0.4620057125085417,
51,TrialState.COMPLETE,0.4620057125085417,2026-06-10 00:01:33.489310,2026-06-10 00:01:49.488750,0.9121784638868843,9.317917784119306,0.8247518539237821,12.886492195076109,0.30280153613089394,28.86395137773138,0.0,0.4620057125085417,
52,TrialState.COMPLETE,0.4620057125085417,2026-06-10 00:01:49.496045,2026-06-10 00:02:05.485684,0.6866412316251815,6.362369258925523,0.9194437832946093,14.258594085480112,0.5757685254362989,27.730162627350722,0.0,0.4620057125085417,
53,TrialState.COMPLETE,0.4619889540239076,2026-06-10 00:02:05.492809,2026-06-10 00:02:21.303788,0.9665871911504504,4.153662375435984,0.7933901165193442,13.124688781926851,0.5749086502300872,29.72734256698401,0.0,0.4619889540239076,
54,TrialState.PRUNED,0.56337813962076,2026-06-10 00:02:21.311054,2026-06-10 00:02:31.348931,0.773939806045083,8.714852333214235,0.44360547045612325,17.378223002516833,0.7979204466637626,29.138294725940455,,,
55,TrialState.COMPLETE,0.46765327087479436,2026-06-10 00:02:31.356758,2026-06-10 00:02:46.468771,0.9488213410034659,4.953682332375946,0.5952383357057327,13.717113549791533,0.6018798787000558,24.88359361850609,0.0,0.46765327087479436,
56,TrialState.COMPLETE,0.4620057125085417,2026-06-10 00:02:46.475984,2026-06-10 00:03:02.136848,0.933882541833733,2.1347462344718715,0.9668113926203764,10.500733637301911,0.6698296450647709,25.861234205388183,0.0,0.4620057125085417,
57,TrialState.COMPLETE,0.4619889540239076,2026-06-10 00:03:02.144859,2026-06-10 00:03:17.646687,0.7146739696319367,7.140800749386638,0.7669595710559652,11.046765473662054,0.5570646972449459,24.249376457475,0.0,0.4619889540239076,
58,TrialState.COMPLETE,0.4621035667097224,2026-06-10 00:03:17.653868,2026-06-10 00:03:33.362803,0.9336881442622867,14.109574240469898,0.764110013576174,10.289644650430082,0.4317668568786727,22.51734120615569,0.0,0.4621035667097224,
59,TrialState.COMPLETE,0.4619889540239076,2026-06-10 00:03:33.370513,2026-06-10 00:03:49.475611,0.5015676117836511,23.66324253507887,0.8576914039637447,12.303754121310671,0.4304272684723961,22.810424864153752,0.0,0.4619889540239076,
60,TrialState.COMPLETE,0.4621921927660466,2026-06-10 00:03:49.482769,2026-06-10 00:04:05.215646,0.7615168802828459,1.9844391568807016,0.7456840407794701,12.774298397128558,0.796599358688095,29.86476756113901,0.0,0.4621921927660466,
61,TrialState.COMPLETE,0.46422764176099246,2026-06-10 00:04:05.222832,2026-06-10 00:04:20.522926,0.5440111333848552,7.7053387125585555,0.6222412622646885,11.79889428804298,0.8490318584062924,23.47044597838766,0.0,0.46422764176099246,
62,TrialState.PRUNED,0.4702349519854901,2026-06-10 00:04:20.536442,2026-06-10 00:04:30.880894,0.48330818985081714,7.260380034100054,0.7805733835822894,12.5483112924727,0.4952992548106414,20.9817872301081,,,
63,TrialState.COMPLETE,0.4620057125085417,2026-06-10 00:04:30.888687,2026-06-10 00:04:47.180580,0.4793070045588445,19.753684167396045,0.9051245741328913,11.748723047074105,0.6658712248147871,26.347990959249962,0.0,0.4620057125085417,
64,TrialState.PRUNED,0.49893641489234686,2026-06-10 00:04:47.187746,2026-06-10 00:04:57.764392,0.24401308820475104,12.91500151592639,0.8974270634753491,12.796765520194699,0.42651575565166855,23.882013217775643,,,
65,TrialState.COMPLETE,0.46211969240005585,2026-06-10 00:04:57.773666,2026-06-10 00:05:13.542971,0.9719550563321165,3.8171204597405533,0.7544445624895126,10.487417219969467,0.4671198071821991,28.742925936045456,0.0,0.46211969240005585,
66,TrialState.COMPLETE,0.4627527647522144,2026-06-10 00:05:13.550520,2026-06-10 00:05:29.195308,0.6345421636353102,20.22713434895934,0.6440935256511562,10.31686977866181,0.44531137350624356,23.59805731069201,0.0,0.4627527647522144,
67,TrialState.PRUNED,0.47932521169460607,2026-06-10 00:05:29.203167,2026-06-10 00:05:39.390256,0.864038238459702,0.872244968338418,0.7646943919732122,13.298045229477964,0.5513854525965017,22.005104339736768,,,
68,TrialState.PRUNED,,2026-06-10 00:05:39.397819,2026-06-10 00:05:39.671672,0.5776544974283186,1.667339079049244,0.7342499738536215,18.593354005354172,0.8995395311475262,17.293732369187158,,,ABM command failed with exit code 1. See /home/aiwsif/Desktop/calibration-tools/outputs/optuna/EGI1/control/abm_evals/EGI1_0s_optuna_r0_00170/run.log
69,TrialState.COMPLETE,0.4620057125085417,2026-06-10 00:05:39.677540,2026-06-10 00:05:55.736871,0.43786303674803706,21.03852175690519,0.8601596166204062,12.159160739233235,0.37615819341771095,23.75401979615345,0.0,0.4620057125085417,
70,TrialState.COMPLETE,0.4620057125085417,2026-06-10 00:05:55.744261,2026-06-10 00:06:11.802897,0.7330082128518336,22.545253899693734,0.9411287939951815,12.500471090792233,0.33277674001578295,21.199183743839665,0.0,0.4620057125085417,
71,TrialState.COMPLETE,0.462087757629465,2026-06-10 00:06:11.810810,2026-06-10 00:06:27.458804,0.8982923174524506,3.2402825217437203,0.7890553441295398,13.969607976511998,0.7131719954766061,29.0800423509817,0.0,0.462087757629465,
72,TrialState.PRUNED,47.34820190896713,2026-06-10 00:06:27.466083,2026-06-10 00:06:33.353137,0.8100043914987793,0.4133981861880379,0.1378017818173809,21.174895469729634,0.09064825239048468,28.165363282047103,,,
73,TrialState.COMPLETE,0.4619889540239076,2026-06-10 00:06:33.360796,2026-06-10 00:06:48.915711,0.6145190446489608,4.171545053685982,0.8044478638278816,12.231730093110825,0.522000379527698,25.25871483097763,0.0,0.4619889540239076,
74,TrialState.PRUNED,0.4635520774375371,2026-06-10 00:06:48.922951,2026-06-10 00:06:59.184647,0.7681674760895028,4.219120200319658,0.7441611629198361,10.356524892038415,0.6476176836449548,23.136108745893406,,,
75,TrialState.COMPLETE,0.4619725118654746,2026-06-10 00:06:59.192558,2026-06-10 00:07:14.810801,0.48868732978787394,2.4720089973031425,0.7890861229063486,13.215850187221953,0.35068056912247475,24.449017539040955,0.0,0.4619725118654746,
76,TrialState.PRUNED,0.48933152640904576,2026-06-10 00:07:14.821784,2026-06-10 00:07:24.759677,0.599108325763126,2.473247448227306,0.5838917222929707,13.418345247849333,0.2275950909900431,21.081019196681616,,,
77,TrialState.PRUNED,0.4831352008721679,2026-06-10 00:07:24.767254,2026-06-10 00:07:35.231162,0.42953376369278096,1.1513385896826733,0.8742853502813556,13.130606081075824,0.2253095457576354,27.007156682813303,,,
78,TrialState.PRUNED,0.46807465726410225,2026-06-10 00:07:35.239288,2026-06-10 00:07:45.544511,0.9891164025614296,2.241825830822629,0.6072369613283425,15.491856610863469,0.371714896551931,28.54479648240197,,,
79,TrialState.PRUNED,0.48230795178814556,2026-06-10 00:07:45.553812,2026-06-10 00:07:55.704797,0.47531551707632386,2.1209513100096786,0.8385154293787689,13.977063405659043,0.21509482487384912,20.0563929238781,,,
80,TrialState.PRUNED,0.49065356516885505,2026-06-10 00:07:55.712630,2026-06-10 00:08:05.952031,0.6134546415254469,0.4870562700173726,0.5965126209271876,12.650286631308674,0.8089246876488759,27.546918960694065,,,
81,TrialState.PRUNED,11.859403080657628,2026-06-10 00:08:05.960430,2026-06-10 00:08:13.721727,0.9452363386826589,12.889304392495223,0.12253971091506882,18.669952523041236,0.7280708911152699,20.530757670258446,,,
82,TrialState.COMPLETE,0.4620057125085417,2026-06-10 00:08:13.728369,2026-06-10 00:08:29.499754,0.6070334541232367,5.727358600359008,0.9180898485430576,10.914553873469092,0.46622132170717434,24.823918158298625,0.0,0.4620057125085417,
83,TrialState.PRUNED,0.49112962523093606,2026-06-10 00:08:29.506849,2026-06-10 00:08:39.529371,0.3134162177450813,5.121932684763674,0.548323791629647,14.369239424344478,0.2636023797766779,24.325930870289156,,,
84,TrialState.COMPLETE,0.4619563861751412,2026-06-10 00:08:39.535945,2026-06-10 00:08:55.249857,0.4490831109792517,10.752052394354058,0.7652776690537525,16.453691216163563,0.6216170799590094,23.824191763495637,0.0,0.4619563861751412,
85,TrialState.PRUNED,0.4646844090645691,2026-06-10 00:08:55.261151,2026-06-10 00:09:05.547204,0.5087385684832804,6.698156150025261,0.6985239209692009,17.321346185618403,0.7291463952774295,23.72229787227802,,,
86,TrialState.PRUNED,0.4740459127219945,2026-06-10 00:09:05.555585,2026-06-10 00:09:15.950904,0.5631527333455434,14.423239966746946,0.5561646183615667,20.16732662956649,0.3174709879415804,24.310799447087998,,,
87,TrialState.COMPLETE,0.46190990933289067,2026-06-10 00:09:15.958478,2026-06-10 00:09:31.704818,0.5748216777259183,16.257892990038975,0.7216590889048768,14.903821612895939,0.6539553733420345,22.90813571815991,0.0,0.46190990933289067,
88,TrialState.PRUNED,,2026-06-10 00:09:31.715812,2026-06-10 00:09:31.982597,0.41813844987663595,17.31380496027875,0.6632796609251119,16.441444015527964,0.7269757930935337,19.990396167131564,,,ABM command failed with exit code 1. See /home/aiwsif/Desktop/calibration-tools/outputs/optuna/EGI1/control/abm_evals/EGI1_0s_optuna_r0_00217/run.log
89,TrialState.COMPLETE,0.4638384497290135,2026-06-10 00:09:31.988528,2026-06-10 00:09:47.482560,0.5069114986455089,2.2592885184323923,0.792047833766335,14.598194715933104,0.5921447535631734,25.256936182556863,0.0,0.4638384497290135,
90,TrialState.COMPLETE,0.4731691745071324,2026-06-10 00:09:47.490464,2026-06-10 00:10:03.264043,0.4293376763247975,5.745112229056299,0.9319794490245252,17.969598197124093,0.8565338718594474,25.94804600555519,0.0,0.4731691745071324,
91,TrialState.COMPLETE,0.4624487759897858,2026-06-10 00:10:03.271815,2026-06-10 00:10:19.316797,0.7948974938903546,21.685943379585524,0.7081342116601413,15.60613246424437,0.6214802265343511,23.64284221158163,0.0,0.4624487759897858,
92,TrialState.COMPLETE,0.4621361345584889,2026-06-10 00:10:19.323910,2026-06-10 00:10:34.831628,0.5067713581303358,5.883622996116242,0.794133212752486,17.03314526078951,0.5254146604712986,23.85063975905406,0.0,0.4621361345584889,
93,TrialState.COMPLETE,0.4694297713568185,2026-06-10 00:10:34.841209,2026-06-10 00:10:50.773817,0.3304711446402732,24.047474630183565,0.8929621594067616,16.418137109120682,0.3141477288125841,21.087069972762958,0.0,0.4694297713568185,
94,TrialState.PRUNED,0.46565947928460855,2026-06-10 00:10:50.781583,2026-06-10 00:11:01.069718,0.8354256927626079,1.0140420686925424,0.6419934374064642,12.943028929463594,0.6110138967651109,27.22791132095015,,,
95,TrialState.PRUNED,0.4733773372959449,2026-06-10 00:11:01.077450,2026-06-10 00:11:11.746368,0.32343512227743676,23.215051343834396,0.6886973688811455,15.286401675729703,0.758779545696052,24.748147471438298,,,
96,TrialState.COMPLETE,0.4620057125085417,2026-06-10 00:11:11.755278,2026-06-10 00:11:27.763672,0.4557311881608953,16.59148132202249,0.9175636377334357,17.143192812113433,0.6360929885856829,22.893504873934,0.0,0.4620057125085417,
97,TrialState.PRUNED,0.47189060199911553,2026-06-10 00:11:27.770885,2026-06-10 00:11:38.143872,0.7282054742600756,1.1441779094667273,0.8404816648748624,12.806706555956985,0.5894466635655226,24.494152356163653,,,
98,TrialState.PRUNED,,2026-06-10 00:11:38.152105,2026-06-10 00:11:38.422319,0.9070869014234506,0.1964171830729911,0.5825274867452341,15.762256792862884,0.6814827145404215,16.931705560349386,,,ABM command failed with exit code 1. See /home/aiwsif/Desktop/calibration-tools/outputs/optuna/EGI1/control/abm_evals/EGI1_0s_optuna_r0_00242/run.log
99,TrialState.PRUNED,60.9941924838443,2026-06-10 00:11:38.428387,2026-06-10 00:11:44.126625,0.2565572579990115,0.936713904100235,0.6986354263435304,20.728588610272404,0.7350098941384554,29.6015443048573,,,
100,TrialState.COMPLETE,0.4619889540239076,2026-06-10 00:11:44.134357,2026-06-10 00:11:59.961654,0.863801219555111,15.757325012297834,0.8043592728000584,12.445598491607907,0.6951372843510137,24.153776945597226,0.0,0.4619889540239076,
101,TrialState.COMPLETE,0.4628352493971167,2026-06-10 00:11:59.969248,2026-06-10 00:12:15.761754,0.9693742718829499,7.460195803412616,0.6505991065527459,13.792133168231405,0.5670842581885377,28.997724104376545,0.0,0.4628352493971167,
102,TrialState.PRUNED,,2026-06-10 00:12:15.769078,2026-06-10 00:12:16.038753,0.01996543246968946,0.6318259453080587,0.45413232507177326,10.464991002180351,0.8931564357032498,15.153608216526095,,,ABM command failed with exit code 1. See /home/aiwsif/Desktop/calibration-tools/outputs/optuna/EGI1/control/abm_evals/EGI1_0s_optuna_r0_00251/run.log
103,TrialState.PRUNED,,2026-06-10 00:12:16.044843,2026-06-10 00:12:16.315119,0.09843894375165463,15.022611340685897,0.28019836981503066,16.888350584336834,0.31791536787517516,19.05790187333229,,,ABM command failed with exit code 1. See /home/aiwsif/Desktop/calibration-tools/outputs/optuna/EGI1/control/abm_evals/EGI1_0s_optuna_r0_00252/run.log
104,TrialState.COMPLETE,0.4620057125085417,2026-06-10 00:12:16.322432,2026-06-10 00:12:32.777725,0.9046974897721577,20.100100635337398,0.9699254604611571,11.110197502072278,0.4852669990095832,27.185084637330892,0.0,0.4620057125085417,
105,TrialState.PRUNED,35.1482004532146,2026-06-10 00:12:32.785584,2026-06-10 00:12:39.544048,0.7130902102212437,0.12447000176497983,0.839480868891952,15.234930940534197,0.1298006963518743,21.558576066199578,,,
106,TrialState.PRUNED,0.4638667604032868,2026-06-10 00:12:39.551612,2026-06-10 00:12:49.989014,0.9593539963764407,1.129530863315844,0.6297130335463881,10.815303600682302,0.7467267421478463,25.553686439341263,,,
107,TrialState.PRUNED,75.99558454653156,2026-06-10 00:12:49.997411,2026-06-10 00:12:55.555717,0.04366446452806094,1.378877185003797,0.1767891003467309,16.764967268958998,0.1625303177808632,25.470485685876902,,,
108,TrialState.PRUNED,0.4636450292032579,2026-06-10 00:12:55.566196,2026-06-10 00:13:05.943437,0.5668776606968878,3.5176808110771263,0.9049094381522591,14.098774590191756,0.32541145154178336,24.90664699908673,,,
109,TrialState.COMPLETE,0.4619889540239076,2026-06-10 00:13:05.950626,2026-06-10 00:13:21.830830,0.6347660454052793,19.538282962551435,0.957793110021491,10.611151713188065,0.5970687527909931,20.679474440739853,0.0,0.4619889540239076,
110,TrialState.PRUNED,13.925038917170806,2026-06-10 00:13:21.838760,2026-06-10 00:13:29.447323,0.48187874207912784,0.167858402676142,0.3861813306912099,13.29402360057308,0.39654136772787957,26.623582072191105,,,
111,TrialState.COMPLETE,0.4620057125085417,2026-06-10 00:13:29.455119,2026-06-10 00:13:45.140626,0.8139411364168051,10.330281463371957,0.8051345386641148,12.241611453264838,0.822882448042217,23.330919083146664,0.0,0.4620057125085417,
112,TrialState.PRUNED,0.4661792420917221,2026-06-10 00:13:45.147551,2026-06-10 00:13:55.892422,0.6545383773628781,24.66037779341422,0.6108093813797332,13.269386408933912,0.7540624593163274,26.800100921385617,,,
113,TrialState.PRUNED,95.2072274063417,2026-06-10 00:13:55.900886,2026-06-10 00:14:01.112547,0.059703636698924756,0.11832679230020779,0.5447437980434219,16.948242253035982,0.4457077298061647,29.832552717352918,,,
114,TrialState.COMPLETE,0.4619725118654746,2026-06-10 00:14:01.120383,2026-06-10 00:14:16.736781,0.755693368160354,5.42985291052277,0.7897334756387465,12.779830579206672,0.5132199379142789,26.14072760856573,0.0,0.4619725118654746,
115,TrialState.COMPLETE,0.4625299334155045,2026-06-10 00:14:16.744585,2026-06-10 00:14:32.186705,0.5391993485880745,7.552358942655965,0.6893725859659806,13.825679349048777,0.5478750694682383,23.88393902973005,0.0,0.4625299334155045,
116,TrialState.PRUNED,0.4631636032255971,2026-06-10 00:14:32.194595,2026-06-10 00:14:42.401531,0.4553468000804005,3.408924892512954,0.6754473794681448,12.878958789942233,0.3897131753753388,25.520633863727014,,,
117,TrialState.PRUNED,71.53938653964555,2026-06-10 00:14:42.410084,2026-06-10 00:14:47.970026,0.2426696202126341,0.18068906612265856,0.09242563415082489,15.709174361889636,0.5519417060728922,21.62915795882739,,,
118,TrialState.PRUNED,,2026-06-10 00:14:47.977893,2026-06-10 00:14:48.252332,0.4854005201287209,0.24866584493377392,0.1829476552965011,11.170290007507267,0.26691659414319313,18.450393650615215,,,ABM command failed with exit code 1. See /home/aiwsif/Desktop/calibration-tools/outputs/optuna/EGI1/control/abm_evals/EGI1_0s_optuna_r0_00286/run.log
119,TrialState.PRUNED,0.5474784810968198,2026-06-10 00:14:48.258436,2026-06-10 00:14:58.795359,0.9884505487459994,1.9411261081161366,0.9228025597958154,14.666678726785754,0.9119398548893773,29.736733323680173,,,
120,TrialState.PRUNED,40.20977734581983,2026-06-10 00:14:58.802489,2026-06-10 00:15:05.007326,0.9636231319526032,14.03025625510628,0.03982402867803575,12.320902911206701,0.6539267046804674,27.980543205381444,,,
121,TrialState.PRUNED,,2026-06-10 00:15:05.015110,2026-06-10 00:15:05.234248,0.20487093162133602,19.96375827458805,0.7658010701600608,10.689567088144887,0.5089443424643384,17.505949819048908,,,ABM command failed with exit code 1. See /home/aiwsif/Desktop/calibration-tools/outputs/optuna/EGI1/control/abm_evals/EGI1_0s_optuna_r0_00291/run.log
122,TrialState.COMPLETE,0.46207226530133755,2026-06-10 00:15:05.240375,2026-06-10 00:15:20.834629,0.6188267477601646,5.190390925763468,0.7407277226847755,10.893666998322427,0.7098769635490054,25.828391228825517,0.0,0.46207226530133755,
123,TrialState.PRUNED,0.8839551429813606,2026-06-10 00:15:20.841669,2026-06-10 00:15:31.151685,0.289107578132001,3.647056674630927,0.8963376822324376,18.84026294136808,0.2320690528658086,29.9416120072185,,,
124,TrialState.COMPLETE,0.4620057125085417,2026-06-10 00:15:31.160430,2026-06-10 00:15:46.746843,0.7995115485533917,7.174673161830135,0.8407873192462071,12.77228299504033,0.4071197598389746,24.438157936972782,0.0,0.4620057125085417,
125,TrialState.PRUNED,0.46532537674103835,2026-06-10 00:15:46.754172,2026-06-10 00:15:57.182593,0.3732585544629496,18.053208790909242,0.6035431877892676,17.335294073522117,0.4708173617790597,25.582480443633163,,,
126,TrialState.PRUNED,126.37664747573555,2026-06-10 00:15:57.190336,2026-06-10 00:16:02.176476,0.8927925938171883,11.24094670918808,0.813941093457898,20.617290195796887,0.9969324702507285,20.99665629056958,,,
127,TrialState.COMPLETE,0.4619725118654746,2026-06-10 00:16:02.184190,2026-06-10 00:16:18.020680,0.7594674013615562,5.072070171101922,0.7975647360975863,13.952995461760683,0.7096022590250166,26.459243092380508,0.0,0.4619725118654746,
128,TrialState.PRUNED,2.1975424155753855,2026-06-10 00:16:18.027871,2026-06-10 00:16:27.920196,0.5389400517674705,0.17528284632489866,0.90172808380104,10.78826357248457,0.8752937609514261,25.526812601123517,,,
129,TrialState.COMPLETE,0.4619725118654746,2026-06-10 00:16:27.928278,2026-06-10 00:16:43.548772,0.7710346407661683,4.0063192873294255,0.7433674325383932,14.187768645950486,0.7130499236118573,26.963036246907613,0.0,0.4619725118654746,
130,TrialState.COMPLETE,0.4619725118654746,2026-06-10 00:16:43.556785,2026-06-10 00:16:59.018692,0.6667338834098134,4.305702137223772,0.7463185661247617,15.694383708002356,0.6017945072062486,25.687979087892014,0.0,0.4619725118654746,
131,TrialState.PRUNED,0.9038631248478974,2026-06-10 00:16:59.026089,2026-06-10 00:17:09.091679,0.6034369927336382,4.95598731859881,0.5735054208280813,15.093519649341207,0.9133095765586571,26.36955024380874,,,
132,TrialState.PRUNED,0.4913643849014611,2026-06-10 00:17:09.100320,2026-06-10 00:17:19.506184,0.7873050776599608,3.6918529911712894,0.9087535706498068,15.241403947635977,0.8790193062998615,24.57986232065489,,,
133,TrialState.COMPLETE,0.4620057125085417,2026-06-10 00:17:19.514055,2026-06-10 00:17:35.630679,0.7908398783513577,6.970158164414708,0.9661077229482584,14.898008445414044,0.8060222048084663,29.84273833373545,0.0,0.4620057125085417,
134,TrialState.PRUNED,0.4709512136102495,2026-06-10 00:17:35.637902,2026-06-10 00:17:46.045733,0.4695017416306135,2.4718455173158707,0.6786079835981339,15.79799114208197,0.5132703073699072,29.938180985529335,,,
135,TrialState.COMPLETE,0.4620057125085417,2026-06-10 00:17:46.053882,2026-06-10 00:18:02.552874,0.7203468150035071,19.896474266515057,0.8231771273994299,17.752757384038794,0.48227544287239044,28.283071683909284,0.0,0.4620057125085417,
136,TrialState.PRUNED,0.4652611074768488,2026-06-10 00:18:02.560169,2026-06-10 00:18:12.937324,0.6624436500954468,3.4519663242957974,0.78849452238985,15.383798049944687,0.6207623210857275,23.347631797614223,,,
137,TrialState.PRUNED,,2026-06-10 00:18:12.945449,2026-06-10 00:18:13.217145,0.8043867557062023,8.16904372859814,0.46835386661274087,11.63155381514699,0.6911854986066954,17.73860601447614,,,ABM command failed with exit code 1. See /home/aiwsif/Desktop/calibration-tools/outputs/optuna/EGI1/control/abm_evals/EGI1_0s_optuna_r0_00329/run.log
138,TrialState.COMPLETE,0.4620057125085417,2026-06-10 00:18:13.223300,2026-06-10 00:18:28.978864,0.9778054386893608,2.9328585227115442,0.8356173127891916,13.004237011730925,0.6560902623573194,29.007488279435716,0.0,0.4620057125085417,
139,TrialState.PRUNED,0.4638587062861135,2026-06-10 00:18:28.986230,2026-06-10 00:18:39.422182,0.6265677008655978,16.774049225921523,0.6626042399913067,13.97368761598596,0.7477042415784608,21.530433850217644,,,
140,TrialState.PRUNED,0.4628179360539354,2026-06-10 00:18:39.429666,2026-06-10 00:18:49.732891,0.7315223200628448,6.234058060555609,0.65343126207542,15.780011917266492,0.8223138333894051,27.164970339172335,,,
141,TrialState.COMPLETE,0.4620057125085417,2026-06-10 00:18:49.740851,2026-06-10 00:19:06.222893,0.6837780930312976,19.955524513638625,0.9780154049272995,14.47951247949202,0.3995449616255588,27.04803841432803,0.0,0.4620057125085417,
142,TrialState.COMPLETE,0.4620057125085417,2026-06-10 00:19:06.230281,2026-06-10 00:19:22.231825,0.5191972800252102,21.245710348575543,0.8537834342699298,14.126499296629364,0.4638238410633498,23.09430028507716,0.0,0.4620057125085417,
143,TrialState.COMPLETE,0.4619889540239076,2026-06-10 00:19:22.239200,2026-06-10 00:19:37.916778,0.740710675826505,1.6567593460515697,0.846999132783144,15.250781726209617,0.4602234803032127,27.31246354323709,0.0,0.4619889540239076,
144,TrialState.COMPLETE,0.4620057125085417,2026-06-10 00:19:37.924194,2026-06-10 00:19:53.756816,0.8363421122688646,1.8551001079894265,0.877470318716725,13.091150432405502,0.42113210592399597,29.27958090422679,0.0,0.4620057125085417,
145,TrialState.PRUNED,,2026-06-10 00:19:53.764208,2026-06-10 00:19:54.033281,0.306547189712214,0.10399553734532342,0.9544712515145015,19.551409672499403,0.7774497885850149,19.826855119504458,,,ABM command failed with exit code 1. See /home/aiwsif/Desktop/calibration-tools/outputs/optuna/EGI1/control/abm_evals/EGI1_0s_optuna_r0_00349/run.log
146,TrialState.PRUNED,0.4922228347639544,2026-06-10 00:19:54.040164,2026-06-10 00:20:03.949127,0.706711391866204,5.3409423239251135,0.5042619029062069,15.607440375308308,0.49473310201550036,25.603315358902254,,,
147,TrialState.COMPLETE,0.4620057125085417,2026-06-10 00:20:03.957392,2026-06-10 00:20:19.674690,0.7792470260848151,4.432983266204152,0.946070534675393,12.035689235404607,0.5215644091363854,26.202614349051377,0.0,0.4620057125085417,
148,TrialState.COMPLETE,0.4620057125085417,2026-06-10 00:20:19.682013,2026-06-10 00:20:35.349489,0.6499920046718124,2.166701870725198,0.8590938118280751,12.912944306715422,0.5622428502159819,25.314705861495707,0.0,0.4620057125085417,
149,TrialState.PRUNED,44.50820244974402,2026-06-10 00:20:35.357317,2026-06-10 00:20:41.744767,0.014483678919496201,0.21025890839478467,0.14296525418910322,12.946343373324929,0.011863020346580322,22.56774144799192,,,
150,TrialState.PRUNED,0.9427989361935079,2026-06-10 00:20:41.752969,2026-06-10 00:20:51.278796,0.3022844666753846,1.7750254455958066,0.5209716962190134,15.70620968267276,0.5266860510091669,20.48469982442921,,,
151,TrialState.PRUNED,0.46237179065486456,2026-06-10 00:20:51.287091,2026-06-10 00:21:01.913741,0.8725650730436907,10.589742953269836,0.7400391482351134,14.66000131722278,0.5413013782793743,26.5899781543438,,,
152,TrialState.PRUNED,4.071853907051212,2026-06-10 00:21:01.921677,2026-06-10 00:21:10.556599,0.8761979001497788,0.4905191676272608,0.21287814939835586,15.742411935780034,0.22830536852750183,25.265723915631423,,,
153,TrialState.COMPLETE,0.4620057125085417,2026-06-10 00:21:10.564583,2026-06-10 00:21:26.468149,0.8934212418574531,7.077858929126201,0.8641312091150898,12.434573023514043,0.7042906761285849,25.988659396997164,0.0,0.4620057125085417,
154,TrialState.COMPLETE,0.46235008487854556,2026-06-10 00:21:26.475285,2026-06-10 00:21:42.053779,0.51273606413852,4.0451997604651,0.7199571252716124,10.178385787590132,0.4874086672496854,26.55088591334139,0.0,0.46235008487854556,
155,TrialState.PRUNED,113.88692135437634,2026-06-10 00:21:42.061149,2026-06-10 00:21:47.023621,0.6674117468293304,0.11258349476826035,0.5469842263907746,19.80385788111841,0.10287755665220727,25.433994964559034,,,
156,TrialState.PRUNED,15.28582932199716,2026-06-10 00:21:47.033664,2026-06-10 00:21:54.692371,0.407077656778054,19.00960220988792,0.10182848748999307,20.82246534704592,0.2537564809453462,27.869274891656197,,,
157,TrialState.COMPLETE,0.4619563861751412,2026-06-10 00:21:54.700132,2026-06-10 00:22:10.560612,0.9743608022801402,5.669358749515762,0.7667788682836311,18.88576792554031,0.8195168554765233,28.8924280304553,0.0,0.4619563861751412,
158,TrialState.PRUNED,0.46468270330046163,2026-06-10 00:22:10.567867,2026-06-10 00:22:20.755292,0.9395448867652229,2.029740897591116,0.6660096076290608,20.111235364882784,0.8302802975856163,24.299981562551057,,,
159,TrialState.COMPLETE,0.4619725118654746,2026-06-10 00:22:20.763067,2026-06-10 00:22:36.356813,0.9113506958577916,3.776833738240015,0.7538799002372248,18.671629731130913,0.5655101414660312,26.92027972223077,0.0,0.4619725118654746,
160,TrialState.COMPLETE,0.4620057125085417,2026-06-10 00:22:36.364106,2026-06-10 00:22:52.693730,0.9576418597535384,10.658561445115646,0.9865883019996127,18.71088926524182,0.6649800581078118,29.280439074085837,0.0,0.4620057125085417,
161,TrialState.PRUNED,0.47150534320646553,2026-06-10 00:22:52.701032,2026-06-10 00:23:02.919042,0.8940716925686016,1.9349520174850354,0.5621095658120436,18.063802770477537,0.7316899851761591,28.932949402672868,,,
162,TrialState.PRUNED,1.1862558860159274,2026-06-10 00:23:02.927767,2026-06-10 00:23:13.040234,0.9366445926939672,5.714605173962463,0.6171210496957373,18.75816903662625,0.9219467322098144,28.019830021256947,,,
163,TrialState.PRUNED,0.4635841818287323,2026-06-10 00:23:13.047435,2026-06-10 00:23:23.612624,0.918278624914781,7.477924718793935,0.6803979915842312,20.67759252377655,0.7078653817214604,28.797338902954053,,,
164,TrialState.COMPLETE,0.4620057125085417,2026-06-10 00:23:23.620383,2026-06-10 00:23:39.538842,0.839625565172833,3.864085820031787,0.8540163981130033,16.31704801369979,0.6169557418289737,29.480604147289167,0.0,0.4620057125085417,
165,TrialState.PRUNED,0.46343686944769114,2026-06-10 00:23:39.546148,2026-06-10 00:23:49.726836,0.7844244136494521,3.50809271443282,0.6524927978072294,16.845481839658465,0.6077373795835357,25.453602376759264,,,
166,TrialState.PRUNED,0.46350988251028735,2026-06-10 00:23:49.734914,2026-06-10 00:24:00.049103,0.8335765860102893,2.915630164026099,0.6977665719569071,19.696774800579902,0.3688229125696299,23.93089004947605,,,
167,TrialState.COMPLETE,0.4620570898674719,2026-06-10 00:24:00.055969,2026-06-10 00:24:15.750465,0.8043603387747392,3.5263278133618594,0.7002332231972147,18.818360309105845,0.33767823795234675,29.809114017825596,0.0,0.4620570898674719,
168,TrialState.PRUNED,0.4624887832601706,2026-06-10 00:24:15.758137,2026-06-10 00:24:26.085606,0.7318724354357599,7.21570683167171,0.6691696997427663,13.606980678217878,0.6371248731944643,26.298336918902535,,,
169,TrialState.PRUNED,,2026-06-10 00:24:26.092428,2026-06-10 00:24:26.362696,0.8979057718782164,0.5577348983319613,0.8291290720825684,21.139484517336314,0.12962604839797415,19.04878053814777,,,ABM command failed with exit code 1. See /home/aiwsif/Desktop/calibration-tools/outputs/optuna/EGI1/control/abm_evals/EGI1_0s_optuna_r0_00405/run.log
170,TrialState.PRUNED,0.48449719061236923,2026-06-10 00:24:26.368669,2026-06-10 00:24:36.799708,0.7137331973845862,1.8549199985284952,0.8345122368115241,20.736183458862882,0.567600214778513,27.38567515173795,,,
171,TrialState.PRUNED,0.4645658792904803,2026-06-10 00:24:36.807595,2026-06-10 00:24:47.022955,0.781750689673309,2.528927017247861,0.6030898677755281,12.94602695195553,0.733295953654307,25.99706549598345,,,
172,TrialState.PRUNED,3.608709419197773,2026-06-10 00:24:47.030512,2026-06-10 00:24:56.991702,0.877546083750369,0.3525423594072327,0.8879203071382856,13.638551947171143,0.9103080595427253,25.687683625021638,,,
173,TrialState.PRUNED,,2026-06-10 00:24:57.000300,2026-06-10 00:24:57.279451,0.10412211793107828,17.974095325003237,0.9139984172867139,19.47506707814205,0.8179616353566208,19.139081215371977,,,ABM command failed with exit code 1. See /home/aiwsif/Desktop/calibration-tools/outputs/optuna/EGI1/control/abm_evals/EGI1_0s_optuna_r0_00412/run.log
174,TrialState.COMPLETE,0.46221955151775473,2026-06-10 00:24:57.285452,2026-06-10 00:25:13.042684,0.7800843349351507,1.437449181203622,0.74766150377087,15.686292703351004,0.7331663128036516,27.65322630380642,0.0,0.46221955151775473,
175,TrialState.COMPLETE,0.46207226530133755,2026-06-10 00:25:13.050109,2026-06-10 00:25:28.651875,0.7469151820822122,4.706417135823448,0.700664990091707,11.29498350595522,0.49925238424196355,25.94548151826175,0.0,0.46207226530133755,
176,TrialState.PRUNED,0.4794686357311799,2026-06-10 00:25:28.659295,2026-06-10 00:25:39.080782,0.312464250282747,1.2987706525574492,0.9050396071169134,11.472371392404359,0.5279325719176722,23.637728128193633,,,
177,TrialState.PRUNED,,2026-06-10 00:25:39.089337,2026-06-10 00:25:39.365261,0.32345746831597655,0.2740437229966608,0.17632173391534195,21.061224097409806,0.7701098207047468,16.90537295778408,,,ABM command failed with exit code 1. See /home/aiwsif/Desktop/calibration-tools/outputs/optuna/EGI1/control/abm_evals/EGI1_0s_optuna_r0_00421/run.log
178,TrialState.PRUNED,0.9139076894980945,2026-06-10 00:25:39.371414,2026-06-10 00:25:49.826298,0.9132660832084006,7.849654429373361,0.7060786112107775,12.202621559293492,0.9176632576335096,27.84873351783694,,,
179,TrialState.PRUNED,0.48029797462301405,2026-06-10 00:25:49.833451,2026-06-10 00:26:00.162215,0.7366870053743075,1.0502017437522424,0.9074417039141662,10.147524929434768,0.6393327159321195,22.075536933312396,,,
180,TrialState.PRUNED,1.3577479020823493,2026-06-10 00:26:00.171015,2026-06-10 00:26:10.392922,0.9608422119590615,4.64439647102874,0.832030857689828,18.33230258675617,0.9205191354919833,27.079775521233504,,,
181,TrialState.COMPLETE,0.4620057125085417,2026-06-10 00:26:10.401379,2026-06-10 00:26:26.432678,0.5932130530320131,20.414114921742023,0.8613209550886741,11.28928876593103,0.7973505099588063,23.234671766982302,0.0,0.4620057125085417,
182,TrialState.PRUNED,0.46542318399550325,2026-06-10 00:26:26.441999,2026-06-10 00:26:36.923326,0.7281078323353095,13.267393770491909,0.648602020976512,12.066631627283417,0.5883440802433104,22.95053425098289,,,
183,TrialState.COMPLETE,0.4620057125085417,2026-06-10 00:26:36.931331,2026-06-10 00:26:52.826841,0.9500627957099236,17.20823230791123,0.8752686497708235,12.499242264707803,0.7315627860511253,21.809092362244733,0.0,0.4620057125085417,
184,TrialState.PRUNED,,2026-06-10 00:26:52.834216,2026-06-10 00:26:53.104734,0.590337180520544,6.946752760424441,0.9799473360970744,12.685852701254383,0.7277572206720861,19.945960199180462,,,ABM command failed with exit code 1. See /home/aiwsif/Desktop/calibration-tools/outputs/optuna/EGI1/control/abm_evals/EGI1_0s_optuna_r0_00436/run.log
185,TrialState.PRUNED,0.4635520774375371,2026-06-10 00:26:53.115563,2026-06-10 00:27:03.408063,0.9649544274822216,1.5689167094151106,0.7690278850669661,13.846514813275691,0.6242128164105258,24.33254149016877,,,
186,TrialState.PRUNED,,2026-06-10 00:27:03.415932,2026-06-10 00:27:03.687221,0.6388330466567556,10.424976069397413,0.8457096342672267,11.112996145729102,0.3210902695316278,19.949935755199206,,,ABM command failed with exit code 1. See /home/aiwsif/Desktop/calibration-tools/outputs/optuna/EGI1/control/abm_evals/EGI1_0s_optuna_r0_00439/run.log
187,TrialState.COMPLETE,0.4620057125085417,2026-06-10 00:27:03.694307,2026-06-10 00:27:19.255756,0.6702059824269653,5.639651593234031,0.8705844225153698,15.01183686745042,0.7369449396200629,24.303354056959687,0.0,0.4620057125085417,
188,TrialState.PRUNED,0.4627283424575447,2026-06-10 00:27:19.263655,2026-06-10 00:27:29.862385,0.38781357966784397,23.478191038570312,0.7364555734053118,10.510038018021193,0.6081835730538199,20.54175522590245,,,
189,TrialState.PRUNED,39.43795405439343,2026-06-10 00:27:29.873432,2026-06-10 00:27:36.175665,0.8215486632040994,1.0708154620432777,0.04169337060965034,18.303121694071258,0.8141556069272293,24.03178027269547,,,
190,TrialState.PRUNED,,2026-06-10 00:27:36.183842,2026-06-10 00:27:36.452613,0.05988724359395081,2.230729604801558,0.8564814989652151,18.35539984045867,0.30830311786635467,18.53290001810212,,,ABM command failed with exit code 1. See /home/aiwsif/Desktop/calibration-tools/outputs/optuna/EGI1/control/abm_evals/EGI1_0s_optuna_r0_00447/run.log
191,TrialState.PRUNED,0.5084262272025373,2026-06-10 00:27:36.458654,2026-06-10 00:27:47.026082,0.6711378128792747,0.8227109816570412,0.7496310417572489,15.89985459181634,0.33462152111711085,29.795719932401834,,,
192,TrialState.PRUNED,,2026-06-10 00:27:47.034367,2026-06-10 00:27:47.311166,0.5732799722343538,14.043663562278432,0.9529629966393074,10.36394253945452,0.4844470550284953,19.390111279605424,,,ABM command failed with exit code 1. See /home/aiwsif/Desktop/calibration-tools/outputs/optuna/EGI1/control/abm_evals/EGI1_0s_optuna_r0_00450/run.log
193,TrialState.PRUNED,1.022457780183883,2026-06-10 00:27:47.317847,2026-06-10 00:27:57.153439,0.45767002582929167,0.5641968514811941,0.6756978063088064,13.958989759545773,0.3272963684583848,24.799353131873424,,,
194,TrialState.COMPLETE,0.4620057125085417,2026-06-10 00:27:57.161026,2026-06-10 00:28:13.020824,0.7063297790477903,6.319920802634459,0.7849030403312437,14.72536663272169,0.48659808754308753,28.866969580040383,0.0,0.4620057125085417,
195,TrialState.COMPLETE,0.4620057125085417,2026-06-10 00:28:13.028824,2026-06-10 00:28:28.658323,0.7740117872717474,2.294277472359354,0.8428597542122658,13.95360050800776,0.48064458074349625,25.135292928527385,0.0,0.4620057125085417,
196,TrialState.COMPLETE,0.4620057125085417,2026-06-10 00:28:28.665864,2026-06-10 00:28:44.467149,0.7959038327358094,1.8911542594577868,0.9180349533666271,11.758895370748853,0.7950619736144916,27.62654004032055,0.0,0.4620057125085417,
197,TrialState.COMPLETE,0.4620057125085417,2026-06-10 00:28:44.474366,2026-06-10 00:29:00.603729,0.5894411599038185,18.30825666841553,0.9182358495490431,10.404012326280187,0.5068966898728599,22.707714729619106,0.0,0.4620057125085417,
198,TrialState.PRUNED,0.4622019786778764,2026-06-10 00:29:00.611597,2026-06-10 00:29:11.171342,0.7550920562465294,1.4080522210215247,0.9793832169928192,16.116622933898547,0.6026469859630003,26.8971219519622,,,
199,TrialState.COMPLETE,0.4620422314700778,2026-06-10 00:29:11.178137,2026-06-10 00:29:27.275801,0.7075444641742363,11.31830554810045,0.70707827775455,13.109574148944603,0.21801111866053782,29.420926350117007,0.0,0.4620422314700778,
200,TrialState.PRUNED,0.5646392057565434,2026-06-10 00:29:27.283260,2026-06-10 00:29:37.049536,0.9087285908317879,3.205168371526106,0.43769941088879116,11.49191559594426,0.2647326701126782,24.77275384463374,,,
201,TrialState.COMPLETE,0.4619725118654746,2026-06-10 00:29:37.057241,2026-06-10 00:29:52.771725,0.7359839017825162,3.4026106282689383,0.7535636871509466,12.199787660950122,0.5937195207524365,29.283967536171993,0.0,0.4619725118654746,
202,TrialState.PRUNED,11.98523468692965,2026-06-10 00:29:52.782248,2026-06-10 00:30:00.569573,0.03241299917735152,1.5595219187129485,0.1854133205491792,10.516150519670713,0.8480818123354688,25.899547949590264,,,
203,TrialState.COMPLETE,0.4637910226302952,2026-06-10 00:30:00.577371,2026-06-10 00:30:16.306757,0.30366295285090505,5.306147334823794,0.7578309109757909,10.556652338253112,0.12552319909420281,26.082342516544877,0.0,0.4637910226302952,
204,TrialState.COMPLETE,0.4620057125085417,2026-06-10 00:30:16.314036,2026-06-10 00:30:32.445842,0.8771174798650636,6.4992767905649735,0.9384881394672603,11.669970583816417,0.4421056538250372,29.959544628563243,0.0,0.4620057125085417,
205,TrialState.COMPLETE,0.4619563861751412,2026-06-10 00:30:32.453203,2026-06-10 00:30:48.263671,0.6087823976096923,5.3356497068057465,0.7662024567995052,12.588284112248347,0.7505089379734742,29.358422003787943,0.0,0.4619563861751412,
206,TrialState.PRUNED,0.46259319576457414,2026-06-10 00:30:48.271334,2026-06-10 00:30:58.759805,0.8044221478957088,3.656503494241126,0.7115813951219335,11.992457780747811,0.5187021334934727,28.1967199599965,,,
207,TrialState.COMPLETE,0.4620057125085417,2026-06-10 00:30:58.768491,2026-06-10 00:31:14.756819,0.519249708036198,4.044487394312204,0.9035101569694538,11.610654453012975,0.5934703570061529,29.31083954657033,0.0,0.4620057125085417,
208,TrialState.COMPLETE,0.4619725118654746,2026-06-10 00:31:14.764216,2026-06-10 00:31:30.799805,0.7559505531394238,13.646392119971305,0.8607771340628537,13.08521392909631,0.7312675882853301,25.67494665850141,0.0,0.4619725118654746,
209,TrialState.COMPLETE,0.4620057125085417,2026-06-10 00:31:30.807161,2026-06-10 00:31:46.645846,0.6734907151139939,10.497658908409774,0.8751372274238758,13.508294564121721,0.7513574060992574,26.00989121339044,0.0,0.4620057125085417,
210,TrialState.COMPLETE,0.4619889540239076,2026-06-10 00:31:46.653731,2026-06-10 00:32:02.535746,0.4528546165104359,8.475510605174792,0.7929963691740203,12.399340658893921,0.7893248009308421,28.01164529616048,0.0,0.4619889540239076,
211,TrialState.COMPLETE,0.4619889540239076,2026-06-10 00:32:02.543558,2026-06-10 00:32:18.439870,0.6654472868429973,4.578980863111883,0.7855581646071349,12.137230145909898,0.7704696980981846,29.737427485675664,0.0,0.4619889540239076,
212,TrialState.COMPLETE,0.4620057125085417,2026-06-10 00:32:18.447257,2026-06-10 00:32:34.518027,0.8166837070889417,22.447644197243083,0.9245158199227732,11.298001557150553,0.5837865043371233,20.11634454800157,0.0,0.4620057125085417,
213,TrialState.COMPLETE,0.4619725118654746,2026-06-10 00:32:34.528528,2026-06-10 00:32:50.195932,0.9526528964488317,7.220610049875885,0.8219776633352364,18.630897831466044,0.5028094274887976,23.40577751559138,0.0,0.4619725118654746,
214,TrialState.COMPLETE,0.4619725118654746,2026-06-10 00:32:50.203952,2026-06-10 00:33:06.392055,0.853446010516344,20.91277219002232,0.7527082301155336,12.658414551690461,0.7781402924988439,25.09681152803626,0.0,0.4619725118654746,
215,TrialState.COMPLETE,0.4619889540239076,2026-06-10 00:33:06.399624,2026-06-10 00:33:22.120994,0.9222645851632673,12.953360387974076,0.7812595760190941,18.95918023607625,0.4291010407518048,22.08661544291133,0.0,0.4619889540239076,
216,TrialState.COMPLETE,0.4619889540239076,2026-06-10 00:33:22.128979,2026-06-10 00:33:37.731684,0.8531577925597223,5.887510725911095,0.8336692977877548,19.467304028993773,0.46589483701765183,25.320857810408935,0.0,0.4619889540239076,
217,TrialState.PRUNED,,2026-06-10 00:33:37.739681,2026-06-10 00:33:38.013466,0.16116199078539523,0.2973235471693171,0.16048139057032462,21.989836089397905,0.22436034200627786,19.319517557637134,,,ABM command failed with exit code 1. See /home/aiwsif/Desktop/calibration-tools/outputs/optuna/EGI1/control/abm_evals/EGI1_0s_optuna_r0_00518/run.log
218,TrialState.COMPLETE,0.4620057125085417,2026-06-10 00:33:38.019661,2026-06-10 00:33:54.103835,0.9281088862175711,14.682025037740798,0.8852575842190463,18.023410064733564,0.5524296093283148,25.415338671727547,0.0,0.4620057125085417,
219,TrialState.PRUNED,0.46239824484721104,2026-06-10 00:33:54.111701,2026-06-10 00:34:04.533464,0.9509364557001688,3.1972466014690095,0.7366721152696161,18.493137990423683,0.6536831567573405,27.255282878928316,,,
220,TrialState.PRUNED,8.283861386773262,2026-06-10 00:34:04.541862,2026-06-10 00:34:13.838721,0.8769499991383749,15.098662160097845,0.9483366544591737,14.203919021683607,0.9583686888116738,24.49336365627767,,,
221,TrialState.COMPLETE,0.4618950509354965,2026-06-10 00:34:13.846651,2026-06-10 00:34:30.303884,0.6452765736348174,18.980582312944076,0.7407089619824183,13.508556363667228,0.6427864999092734,29.946246152626983,0.0,0.4618950509354965,
222,TrialState.PRUNED,,2026-06-10 00:34:30.315527,2026-06-10 00:34:30.589372,0.8980477178788735,8.97140767037308,0.9491743857873618,17.12468281743861,0.6668580605069229,18.945102847098592,,,ABM command failed with exit code 1. See /home/aiwsif/Desktop/calibration-tools/outputs/optuna/EGI1/control/abm_evals/EGI1_0s_optuna_r0_00529/run.log
223,TrialState.COMPLETE,0.4630967779848898,2026-06-10 00:34:30.595469,2026-06-10 00:34:46.214778,0.9814622579372838,5.254854359990455,0.9246298919024065,19.198344353760305,0.5291923141284026,22.23121852724561,0.0,0.4630967779848898,
224,TrialState.PRUNED,0.47184449279344715,2026-06-10 00:34:46.222756,2026-06-10 00:34:56.831037,0.9004100362425389,2.8635026927644764,0.8673183694228801,21.305904509627087,0.8856833616933651,28.817283660638633,,,
225,TrialState.COMPLETE,0.4619889540239076,2026-06-10 00:34:56.839705,2026-06-10 00:35:12.982683,0.5879810350286462,12.447591827955062,0.7648232689213216,15.700939837665404,0.7232374731638926,29.283074509191938,0.0,0.4619889540239076,
226,TrialState.PRUNED,18.654082737712343,2026-06-10 00:35:12.990121,2026-06-10 00:35:21.270886,0.6126192305131067,2.4024408822253895,0.7869982966842684,18.518245870124716,0.9702569515614965,29.878686733304455,,,
227,TrialState.PRUNED,,2026-06-10 00:35:21.278613,2026-06-10 00:35:21.551401,0.28997156984418737,0.6200352796914039,0.6256260568524674,14.10033265435096,0.040500000451582696,15.572887947947898,,,ABM command failed with exit code 1. See /home/aiwsif/Desktop/calibration-tools/outputs/optuna/EGI1/control/abm_evals/EGI1_0s_optuna_r0_00540/run.log
228,TrialState.PRUNED,0.4633571338374739,2026-06-10 00:35:21.558369,2026-06-10 00:35:32.068927,0.7362592891839147,11.447497358823338,0.6676935471424125,13.869379507796529,0.6592539128048986,27.515148554242757,,,
229,TrialState.COMPLETE,0.4619889540239076,2026-06-10 00:35:32.078696,2026-06-10 00:35:48.496761,0.7475420540495492,18.32940400511276,0.8153619530287862,11.2420805968518,0.7567311911018322,28.08231414129992,0.0,0.4619889540239076,
230,TrialState.PRUNED,0.46957025683718884,2026-06-10 00:35:48.504078,2026-06-10 00:35:58.789987,0.4579313216568171,12.879383390032874,0.5658167544387138,15.558414619272476,0.4944058836036196,23.46662626570538,,,
231,TrialState.PRUNED,0.466558841408383,2026-06-10 00:35:58.798396,2026-06-10 00:36:09.296463,0.5641384681654528,1.123872066463157,0.8495988247116607,13.278578739926552,0.7870339746193037,26.85153976579283,,,
232,TrialState.PRUNED,0.4640147694365776,2026-06-10 00:36:09.304099,2026-06-10 00:36:19.717584,0.7174178856825579,6.573356888629902,0.6200301599850138,12.146328125903443,0.6413229829480203,29.2538245040568,,,
233,TrialState.PRUNED,0.4693904565419407,2026-06-10 00:36:19.725778,2026-06-10 00:36:29.990966,0.862147323658005,9.82856892924165,0.5968625988413152,11.926212812117598,0.820520361629526,24.67743607368635,,,
234,TrialState.COMPLETE,0.4620057125085417,2026-06-10 00:36:29.998200,2026-06-10 00:36:46.566683,0.975148094503622,24.170652779499516,0.9340664646525927,13.756677046817869,0.5708989230932633,25.316745580514173,0.0,0.4620057125085417,
235,TrialState.PRUNED,126.82604034405549,2026-06-10 00:36:46.574136,2026-06-10 00:36:51.289880,0.0031632603464980535,0.2848125261827722,0.2456339057121235,21.80936978735651,0.7030999294280579,24.31150484325671,,,
236,TrialState.PRUNED,0.4674174748037121,2026-06-10 00:36:51.297289,2026-06-10 00:37:01.895805,0.42547841078369164,13.72376574284956,0.6191724012212702,12.597792681454854,0.7230719699481418,29.712028459975876,,,
237,TrialState.PRUNED,0.7090527099016875,2026-06-10 00:37:01.903209,2026-06-10 00:37:12.064206,0.2753813451749519,3.3675550032214345,0.9265878496010345,16.3455325604036,0.5190512245406992,20.685766255189787,,,
238,TrialState.PRUNED,0.4647384137036566,2026-06-10 00:37:12.072244,2026-06-10 00:37:22.384205,0.4403486834007113,4.172842719190215,0.7494633790945119,14.543338127071538,0.1152220905475777,24.026917728947588,,,
239,TrialState.PRUNED,0.4622019786778764,2026-06-10 00:37:22.392202,2026-06-10 00:37:33.298762,0.6990589474491851,13.326811973974301,0.8666452714371938,12.249631723780038,0.6143774476080152,25.392309631098424,,,
240,TrialState.PRUNED,0.6022682242244165,2026-06-10 00:37:33.306611,2026-06-10 00:37:43.202178,0.8924793160560185,7.931024041944324,0.4216501571477318,19.344610326027066,0.5199727838566717,25.45991457026201,,,
241,TrialState.PRUNED,0.46255421660854557,2026-06-10 00:37:43.209054,2026-06-10 00:37:53.901234,0.9375365677008671,19.153340022744793,0.7212191731677526,12.861512519843622,0.6868835225371306,24.178186924290923,,,
242,TrialState.COMPLETE,0.4620057125085417,2026-06-10 00:37:53.908702,2026-06-10 00:38:09.773701,0.42450924094308734,13.76509465212099,0.8651266848805454,14.605451553146244,0.5691932915326166,21.594588034296276,0.0,0.4620057125085417,
243,TrialState.PRUNED,0.4647863152914821,2026-06-10 00:38:09.781238,2026-06-10 00:38:20.349354,0.38656869668106797,8.770146130034481,0.8213410078144789,15.513416709514257,0.5142609434964983,25.87164779631254,,,
244,TrialState.PRUNED,0.46215407709005085,2026-06-10 00:38:20.357212,2026-06-10 00:38:31.165429,0.6543643661770423,23.31286668225357,0.7542857450455187,14.453180332943617,0.19435012654595876,24.398299444292686,,,
245,TrialState.COMPLETE,0.4619889540239076,2026-06-10 00:38:31.174680,2026-06-10 00:38:46.953599,0.8185936266117071,6.9252441472335935,0.8446384170758378,15.794731958227295,0.6968852753264108,25.82917738264759,0.0,0.4619889540239076,
246,TrialState.PRUNED,,2026-06-10 00:38:46.961025,2026-06-10 00:38:47.238966,0.5941398075654809,12.934646351411786,0.6576117433437261,18.49809351925498,0.5546615991627866,19.563540022907542,,,ABM command failed with exit code 1. See /home/aiwsif/Desktop/calibration-tools/outputs/optuna/EGI1/control/abm_evals/EGI1_0s_optuna_r0_00581/run.log
247,TrialState.PRUNED,0.48332554351622614,2026-06-10 00:38:47.246283,2026-06-10 00:38:57.314379,0.5825511764100991,0.9890217715138058,0.5926563318521176,13.246266829569457,0.790063981516536,23.172090508829893,,,
248,TrialState.PRUNED,0.4625567228860361,2026-06-10 00:38:57.322922,2026-06-10 00:39:08.185660,0.7639447520287618,15.352332457271299,0.6869988302681629,13.502049173234239,0.8074279855032974,29.27361603029442,,,
249,TrialState.COMPLETE,0.4619889540239076,2026-06-10 00:39:08.193493,2026-06-10 00:39:24.435678,0.7654940330036207,18.524034544572626,0.7819186097251103,11.760372758984477,0.7431914392959131,24.308438325087987,0.0,0.4619889540239076,
250,TrialState.PRUNED,0.46931790355235437,2026-06-10 00:39:24.443003,2026-06-10 00:39:35.026544,0.5727201861571434,0.9732834719090189,0.7041958216778043,11.171671586113895,0.5866113838833661,29.25217405711456,,,
251,TrialState.COMPLETE,0.4620057125085417,2026-06-10 00:39:35.034975,2026-06-10 00:39:51.152929,0.7324983428234151,14.213463394927526,0.7880952479688661,11.991023187371981,0.41450649164080744,27.66591900591791,0.0,0.4620057125085417,
252,TrialState.COMPLETE,0.46248665951704504,2026-06-10 00:39:51.161276,2026-06-10 00:40:06.800765,0.5205784387792463,3.557688284334227,0.8737041812980252,12.816211260897674,0.5595083986543748,25.428366417326117,0.0,0.46248665951704504,
253,TrialState.COMPLETE,0.4620057125085417,2026-06-10 00:40:06.808770,2026-06-10 00:40:22.924645,0.8461470971493091,4.065869293680218,0.9263017103429465,14.084094277284036,0.6715455366390903,29.985172805277656,0.0,0.4620057125085417,
254,TrialState.PRUNED,0.46500603395939394,2026-06-10 00:40:22.931706,2026-06-10 00:40:33.349880,0.605548622672325,19.11480121705561,0.6128120533124716,16.471674030911103,0.6767183348726727,23.452274101913748,,,
255,TrialState.COMPLETE,0.4619563861751412,2026-06-10 00:40:33.357927,2026-06-10 00:40:48.956891,0.6086939301780886,3.68066701842367,0.783957301872856,12.716038696308724,0.3738792276189602,24.53035576398866,0.0,0.4619563861751412,
256,TrialState.PRUNED,0.48374255224536516,2026-06-10 00:40:48.964378,2026-06-10 00:40:59.073801,0.4176004672401624,0.967935491466006,0.659082796077445,10.732987097819864,0.437231099864389,20.78223924569544,,,
257,TrialState.PRUNED,0.5182713816158548,2026-06-10 00:40:59.083709,2026-06-10 00:41:09.288803,0.33947625059479697,3.3559583347208237,0.6102782102095604,15.879863661236268,0.6745209046806007,24.98712739318445,,,
258,TrialState.COMPLETE,0.4620057125085417,2026-06-10 00:41:09.299405,2026-06-10 00:41:25.344138,0.7485714532781556,10.111286666859764,0.8401488307221282,13.710994715626557,0.5489421083964133,26.066658178275503,0.0,0.4620057125085417,
259,TrialState.PRUNED,126.82604034405549,2026-06-10 00:41:25.352032,2026-06-10 00:41:30.092662,0.6141611806092178,1.1435291549998752,0.12535811906111272,21.849875558289902,0.3404150850242459,20.27192632367155,,,
260,TrialState.PRUNED,0.4629260333724543,2026-06-10 00:41:30.100927,2026-06-10 00:41:40.457956,0.5921987724113924,2.214642091626648,0.7223000896291416,12.434971224268102,0.24924785385286174,24.033704268509805,,,
261,TrialState.COMPLETE,0.4630028748964787,2026-06-10 00:41:40.465729,2026-06-10 00:41:56.370787,0.8971300752123998,0.7210694029342363,0.7913193796526748,11.373299355205829,0.6617618325458294,28.221373402753603,0.0,0.4630028748964787,
262,TrialState.PRUNED,0.47690755409112656,2026-06-10 00:41:56.378306,2026-06-10 00:42:06.915613,0.7363201422213576,0.58256317034176,0.8055504311643733,13.623849319911763,0.6305585026795915,25.408560845743878,,,
263,TrialState.PRUNED,0.4663515978762721,2026-06-10 00:42:06.923090,2026-06-10 00:42:17.210038,0.7030369212156403,2.469714526385644,0.6063362853065557,13.712541972744159,0.6291318339956212,29.32057656803547,,,
264,TrialState.COMPLETE,0.4619725118654746,2026-06-10 00:42:17.218092,2026-06-10 00:42:32.740017,0.5223594355898635,3.1915356480749595,0.7890510715788155,12.939254370331634,0.31557282843573325,23.692977735272258,0.0,0.4619725118654746,
265,TrialState.COMPLETE,0.46584031527516967,2026-06-10 00:42:32.747586,2026-06-10 00:42:48.377018,0.5631604071741615,3.438930438920876,0.9788567432217827,11.081757363592146,0.49286501763361,22.750860928670825,0.0,0.46584031527516967,
266,TrialState.PRUNED,0.47606291068715156,2026-06-10 00:42:48.384557,2026-06-10 00:42:58.772003,0.4994664579017211,2.303187985117497,0.8905423854263544,12.826000183010391,0.268171794844983,22.667274712072253,,,
267,TrialState.PRUNED,,2026-06-10 00:42:58.780746,2026-06-10 00:42:59.055220,0.5878412752704596,1.7606858469658617,0.06866446829989348,14.417486122651413,0.6407806419970219,19.431965024051994,,,ABM command failed with exit code 1. See /home/aiwsif/Desktop/calibration-tools/outputs/optuna/EGI1/control/abm_evals/EGI1_0s_optuna_r0_00631/run.log
268,TrialState.PRUNED,0.46379481853034205,2026-06-10 00:42:59.061480,2026-06-10 00:43:09.328858,0.5071572222137922,4.684019112423462,0.7247455750438837,13.153698891641527,0.3942697378004537,22.823191959194716,,,
269,TrialState.PRUNED,0.46205217086313777,2026-06-10 00:43:09.336697,2026-06-10 00:43:19.838768,0.9429571601529739,3.174310259321228,0.730142009075183,15.190277188787462,0.6642980752547016,28.964381829626706,,,
270,TrialState.COMPLETE,0.4619250847667563,2026-06-10 00:43:19.846589,2026-06-10 00:43:35.516538,0.663098169059833,2.736058162144584,0.7613221280486515,12.916476912598496,0.6340698346332425,26.90732522979656,0.0,0.4619250847667563,
271,TrialState.PRUNED,0.4626434561823065,2026-06-10 00:43:35.523831,2026-06-10 00:43:45.682486,0.6801033755287814,5.240542459988138,0.6394215697808889,16.181646638735025,0.3173813302222907,23.727120128136544,,,
272,TrialState.PRUNED,19.90545198000211,2026-06-10 00:43:45.690228,2026-06-10 00:43:53.302230,0.07664030303395153,1.0961357909504663,0.8871041856873905,13.922107219831464,0.21150596001773778,23.014949313583205,,,
273,TrialState.PRUNED,0.4627120949632416,2026-06-10 00:43:53.309895,2026-06-10 00:44:03.639611,0.560815120112321,2.5435171832927024,0.6698847255324974,12.90657531540222,0.6433030689933419,26.608857715442745,,,
274,TrialState.PRUNED,3.350350072065648,2026-06-10 00:44:03.647360,2026-06-10 00:44:13.683237,0.7587280294212616,13.327063326508414,0.730830086691358,19.2185002076468,0.9421619201955316,29.67902170642749,,,
275,TrialState.COMPLETE,0.4619250847667563,2026-06-10 00:44:13.691196,2026-06-10 00:44:29.961834,0.5308995673124564,13.407607628515052,0.7398444265508737,14.817710831706545,0.6096697400662625,29.88672025931165,0.0,0.4619250847667563,
276,TrialState.COMPLETE,0.46228342077490603,2026-06-10 00:44:29.969147,2026-06-10 00:44:45.583806,0.9506144770158368,5.288509883250884,0.7323169899603355,18.483107245261348,0.6388145988314718,24.22241338830772,0.0,0.46228342077490603,
277,TrialState.PRUNED,0.4623987206208857,2026-06-10 00:44:45.591712,2026-06-10 00:44:56.085889,0.8075885371043213,1.041476298888213,0.8431890712791995,11.774909230943171,0.6191927747591798,25.74830980243898,,,
278,TrialState.COMPLETE,0.4620057125085417,2026-06-10 00:44:56.094213,2026-06-10 00:45:12.711761,0.522837569517945,18.414162113227786,0.9113211013174563,13.405321955257357,0.4274363948919474,29.52168081007682,0.0,0.4620057125085417,
279,TrialState.PRUNED,,2026-06-10 00:45:12.719176,2026-06-10 00:45:12.993788,0.95548406852864,0.19127352009094392,0.6850389887762642,10.063796732652268,0.2040460905029538,16.3975816112969,,,ABM command failed with exit code 1. See /home/aiwsif/Desktop/calibration-tools/outputs/optuna/EGI1/control/abm_evals/EGI1_0s_optuna_r0_00658/run.log
280,TrialState.PRUNED,0.5079058087072399,2026-06-10 00:45:12.999887,2026-06-10 00:45:22.848291,0.965442669645241,5.7625100193229954,0.49863834043922817,17.115257826893348,0.4997655128726567,20.094479982295763,,,
281,TrialState.COMPLETE,0.4620057125085417,2026-06-10 00:45:22.856348,2026-06-10 00:45:39.422621,0.6365510564193676,16.64255856868356,0.852964772317272,14.601161985052904,0.708078616787303,29.69815755006061,0.0,0.4620057125085417,
282,TrialState.PRUNED,0.4627946937857793,2026-06-10 00:45:39.432530,2026-06-10 00:45:49.825866,0.6007801686688735,2.7554893859426155,0.7086505160999323,13.032004184600254,0.7791167533490171,25.524030441192398,,,
283,TrialState.PRUNED,0.47639598483070145,2026-06-10 00:45:49.832846,2026-06-10 00:45:59.994552,0.9066374847994021,3.1036950087800634,0.7145960614971445,12.545807085166214,0.461814797540147,21.368062120382337,,,
284,TrialState.COMPLETE,0.462087757629465,2026-06-10 00:46:00.001829,2026-06-10 00:46:15.743571,0.700805769327008,2.9058766953530375,0.7358151500386947,12.046797457891246,0.6467439605190513,28.31269513477332,0.0,0.462087757629465,
285,TrialState.PRUNED,0.4637739586292221,2026-06-10 00:46:15.750863,2026-06-10 00:46:26.028391,0.6128452682492537,2.3311286799140314,0.6914304435939475,12.708671460886453,0.34543602302386994,25.592169947265205,,,
286,TrialState.COMPLETE,0.4619563861751412,2026-06-10 00:46:26.035338,2026-06-10 00:46:41.746589,0.942414837366124,3.867285549256787,0.7282748911503957,12.017036889231964,0.24355887912502167,26.13244191195074,0.0,0.4619563861751412,
287,TrialState.COMPLETE,0.46215289304312296,2026-06-10 00:46:41.753979,2026-06-10 00:46:57.391513,0.9543572374439231,2.3586417702974614,0.7779175480138908,11.278532519021477,0.2808346741279992,26.21394375578633,0.0,0.46215289304312296,
288,TrialState.PRUNED,0.5729407827048357,2026-06-10 00:46:57.398971,2026-06-10 00:47:08.042545,0.26524884294225576,5.456393074811011,0.7940890765867398,15.709506490938,0.6916593400924926,28.839860651648102,,,
289,TrialState.COMPLETE,0.46223504384588215,2026-06-10 00:47:08.049706,2026-06-10 00:47:23.762839,0.7850590362809049,4.0648762443641875,0.79913827544122,12.55325828979777,0.2899105083380882,24.14606934823799,0.0,0.46223504384588215,
290,TrialState.PRUNED,112.11396614852667,2026-06-10 00:47:23.770160,2026-06-10 00:47:28.727126,0.02225476317274272,0.21413158879321606,0.9826278177803301,18.608953142661495,0.26135609716114006,25.658553855559582,,,
291,TrialState.PRUNED,,2026-06-10 00:47:28.733931,2026-06-10 00:47:28.999492,0.1599312202826002,9.4132423684809,0.85239319059305,21.392236336145654,0.03997921820009437,17.598573631688684,,,ABM command failed with exit code 1. See /home/aiwsif/Desktop/calibration-tools/outputs/optuna/EGI1/control/abm_evals/EGI1_0s_optuna_r0_00686/run.log
292,TrialState.COMPLETE,0.4620057125085417,2026-06-10 00:47:29.005546,2026-06-10 00:47:44.888738,0.7989412512901205,4.6942547547354,0.8763744436258312,12.690890185035027,0.313274971009038,26.361886761179697,0.0,0.4620057125085417,
293,TrialState.PRUNED,0.46893025162280594,2026-06-10 00:47:44.896292,2026-06-10 00:47:55.312263,0.890281866869367,11.074983034139647,0.5979551211191587,11.108131818968118,0.14190185856529716,24.28887638261015,,,
294,TrialState.COMPLETE,0.4620057125085417,2026-06-10 00:47:55.320249,2026-06-10 00:48:11.353586,0.6980322598318437,5.688045810582434,0.8596470019857168,11.997969848942844,0.6635740010353562,29.555865074798284,0.0,0.4620057125085417,
295,TrialState.PRUNED,83.48903712904341,2026-06-10 00:48:11.360747,2026-06-10 00:48:16.906327,0.37883925007392083,0.4353843782914509,0.11395221386459065,15.47608204706676,0.9741817214136206,26.555873473848848,,,
296,TrialState.PRUNED,0.47719405501609913,2026-06-10 00:48:16.913314,2026-06-10 00:48:27.325497,0.509177096594778,13.744594261723385,0.5408689760055646,14.29173756714627,0.5234119410719091,27.816695840877795,,,
297,TrialState.PRUNED,20.38787853078627,2026-06-10 00:48:27.332612,2026-06-10 00:48:34.566969,0.4819124787943472,2.210550875345562,0.08162931617075209,15.92536039790772,0.46316198494765437,27.7243368979318,,,
298,TrialState.COMPLETE,0.4620057125085417,2026-06-10 00:48:34.574101,2026-06-10 00:48:50.430843,0.8943745635392912,3.186136393075593,0.8286925034722036,19.508662535348126,0.5312929106469215,29.019601872293467,0.0,0.4620057125085417,
299,TrialState.PRUNED,0.47289805294356013,2026-06-10 00:48:50.438360,2026-06-10 00:49:01.031681,0.8008665141908847,13.011412357889721,0.5787077149673389,16.171462325621977,0.6385447910934852,29.300036729479547,,,
300,TrialState.PRUNED,,2026-06-10 00:49:01.038988,2026-06-10 00:49:01.307132,0.5974652670706975,0.11375254571811878,0.30139023849638047,15.088435900020768,0.018980773871098033,18.53308328905041,,,ABM command failed with exit code 1. See /home/aiwsif/Desktop/calibration-tools/outputs/optuna/EGI1/control/abm_evals/EGI1_0s_optuna_r0_00706/run.log
301,TrialState.PRUNED,0.46269314003893725,2026-06-10 00:49:01.313308,2026-06-10 00:49:12.262242,0.5631983495706281,20.62079138139497,0.6911557890106169,17.169011460203283,0.5294750444265492,29.462438923472394,,,
302,TrialState.COMPLETE,0.4619563861751412,2026-06-10 00:49:12.268870,2026-06-10 00:49:28.592809,0.8844353478265271,14.945934470817068,0.790876473754446,13.389432724340672,0.6717942213072664,29.662964186133863,0.0,0.4619563861751412,
303,TrialState.PRUNED,0.4633022403209421,2026-06-10 00:49:28.600335,2026-06-10 00:49:39.078267,0.9868893621516723,12.275867726718753,0.6345322889603877,13.40201041408599,0.3270496541780772,26.434981168716817,,,
304,TrialState.PRUNED,,2026-06-10 00:49:39.084902,2026-06-10 00:49:39.354115,0.43786983504632804,1.0688741416456262,0.5181395360994125,20.998207345691426,0.19695556650124452,15.522267892392385,,,ABM command failed with exit code 1. See /home/aiwsif/Desktop/calibration-tools/outputs/optuna/EGI1/control/abm_evals/EGI1_0s_optuna_r0_00714/run.log
