cell_line,exposure_label_raw,exposure_seconds,exposure_minutes,exposure_label,time_h,n1,n2,n3,n4,mean_sheet,sd_sheet,mean_recomputed,sd_recomputed,mean_used,sd_used,mean_t0_normalized,sd_t0_normalized
EGI1,"0""",0,0.0,Control,0,0.121175,0.1879,0.25680000000000003,0.13829999999999998,0.17604375000000003,0.05561023364397503,0.17604375,0.06082026243709138,0.17604375,0.06082026243709138,1.0,0.3454837927338595
EGI1,"0""",0,0.0,Control,24,0.2248,0.42324999999999996,0.53705,0.21215,0.3493125,0.14063205260092723,0.3493125,0.15814448760021113,0.3493125,0.15814448760021113,1.984236872936415,0.898324919800965
EGI1,"0""",0,0.0,Control,48,0.5373,0.86705,1.21625,0.54195,0.7906374999999999,0.2857567220884756,0.7906375,0.32301198732915987,0.7906375,0.32301198732915987,4.491142116661341,1.8348392790380792
EGI1,"0""",0,0.0,Control,72,1.2766000050000001,1.53879999875,2.15577499625,1.4275,1.6822083325,0.44174470451153974,1.59966875,0.38599423763809276,1.59966875,0.38599423763809276,9.08676820392658,2.1926040409732965
EGI1,"15""",15,0.25,Treat:15s,0,0.121175,0.1879,0.25680000000000003,0.13829999999999998,0.17604375000000003,0.05561023364397503,0.17604375,0.06082026243709138,0.17604375,0.06082026243709138,1.0,0.3454837927338595
EGI1,"15""",15,0.25,Treat:15s,24,0.19835,0.35565,0.42425,0.25239999999999996,0.3076625,0.0892317444564993,0.3076625,0.10148663602497952,0.3076625,0.10148663602497952,1.7476479568289134,0.5764853113216432
EGI1,"15""",15,0.25,Treat:15s,48,0.4659,0.7887,1.08695,0.53615,0.719425,0.24519826161700267,0.719425,0.28150683976296803,0.719425,0.28150683976296803,4.0866261937728545,1.5990731835862848
EGI1,"15""",15,0.25,Treat:15s,72,1.24425,1.68495,1.5907500350000001,1.677075,1.574820007,0.2831996597729606,1.54925625875,0.20776667472055713,1.54925625875,0.20776667472055713,8.800404778641674,1.1801990966481748
EGI1,"30""",30,0.5,Treat:30s,0,0.121175,0.1879,0.25680000000000003,0.13829999999999998,0.17604375000000003,0.05561023364397503,0.17604375,0.06082026243709138,0.17604375,0.06082026243709138,1.0,0.3454837927338595
EGI1,"30""",30,0.5,Treat:30s,24,0.17995,0.39390000000000003,0.51905,0.25305,0.33648749999999994,0.13099427647324913,0.3364875,0.15065530953692494,0.3364875,0.15065530953692494,1.9113856640749813,0.8557833466790212
EGI1,"30""",30,0.5,Treat:30s,48,0.45304999999999995,0.7967,1.02315,0.50415,0.6942625,0.23461934696173306,0.6942625,0.26644990891034914,0.6942625,0.26644990891034914,3.9436929740476443,1.5135437009854036
EGI1,"30""",30,0.5,Treat:30s,72,1.00819999,1.38655,1.50192501,1.1599499999999998,1.261125,0.23904397878703013,1.2641562499999999,0.22202609669679985,1.2641562499999999,0.22202609669679985,7.180920935846912,1.2611984049237752
EGI1,1',60,1.0,Treat:1min,0,0.121175,0.1879,0.25680000000000003,0.13829999999999998,0.17604375000000003,0.05561023364397503,0.17604375,0.06082026243709138,0.17604375,0.06082026243709138,1.0,0.3454837927338595
EGI1,1',60,1.0,Treat:1min,24,0.17285,0.37905,0.47709999999999997,0.21789999999999998,0.31172500000000003,0.12363085173208173,0.311725,0.14138710749805536,0.311725,0.14138710749805536,1.7707246068093867,0.8031361948268846
EGI1,1',60,1.0,Treat:1min,48,0.36415,0.68845,0.97435,0.4315,0.6146125000000001,0.2431810137916813,0.6146125,0.27756362446293287,0.6146125,0.27756362446293287,3.491248624276636,1.576674119148978
EGI1,1',60,1.0,Treat:1min,72,0.8947833350000001,1.2199499974999999,1.1243500100000001,1.0276,1.0394571442857143,0.23375741818289097,1.066670835625,0.13891631976268928,1.066670835625,0.13891631976268928,6.059123573685519,0.7891011169819393
EGI1,2',120,2.0,Treat:2min,0,0.121175,0.1879,0.25680000000000003,0.13829999999999998,0.17604375000000003,0.05561023364397503,0.17604375,0.06082026243709138,0.17604375,0.06082026243709138,1.0,0.3454837927338595
EGI1,2',120,2.0,Treat:2min,24,0.1749,0.32425000000000004,0.39765,0.1953,0.3493125,0.14063205260092723,0.273025,0.10618393240034013,0.273025,0.10618393240034013,1.5508928888415523,0.6031678625361033
EGI1,2',120,2.0,Treat:2min,48,0.317,0.6209,0.8407,0.39935,0.7906374999999999,0.2857567220884756,0.5444875,0.23551091402523153,0.5444875,0.23551091402523153,3.09291014307523,1.3377976441948751
EGI1,2',120,2.0,Treat:2min,72,0.8300250025,1.0095166633333335,1.049799975,0.9126,1.6822083325,0.44174470451153974,0.9504854102083333,0.09881647257614758,0.9504854102083333,0.09881647257614758,5.399143168719897,0.5613176984479573
EGI1,3',180,3.0,Treat:3min,0,0.121175,0.1879,0.25680000000000003,0.13829999999999998,0.17604375000000003,0.05561023364397503,0.17604375,0.06082026243709138,0.17604375,0.06082026243709138,1.0,0.3454837927338595
EGI1,3',180,3.0,Treat:3min,24,0.13645000000000002,0.286,0.4023,0.179,0.3493125,0.14063205260092723,0.2509375,0.11891506335055566,0.2509375,0.11891506335055566,1.4254269180246386,0.6754858570699366
EGI1,3',180,3.0,Treat:3min,48,0.26085,0.4979,0.66815,0.2676,0.7906374999999999,0.2857567220884756,0.42362500000000003,0.19676445520808206,0.42362500000000003,0.19676445520808206,2.4063620548869245,1.1177020212764273
EGI1,3',180,3.0,Treat:3min,72,0.76795001,0.8531250025,0.8858999949999999,0.7662,1.6822083325,0.44174470451153974,0.818293751875,0.06064121662139501,0.818293751875,0.06064121662139501,4.648240859871481,0.344466739781418
EGI1,4',240,4.0,Treat:4min,0,0.121175,0.1879,0.25680000000000003,0.13829999999999998,0.17604375000000003,0.05561023364397503,0.17604375,0.06082026243709138,0.17604375,0.06082026243709138,1.0,0.3454837927338595
EGI1,4',240,4.0,Treat:4min,24,0.12375,0.25405,0.33335000000000004,0.15765,0.2172,0.08619642901536005,0.2172,0.09509267409567715,0.2172,0.09509267409567715,1.2337842155714134,0.5401650106617085
EGI1,4',240,4.0,Treat:4min,48,0.19105,0.48575,0.5237499999999999,0.2,0.3501375,0.1558550503472697,0.3501375,0.1792411335557029,0.3501375,0.1792411335557029,1.9889232080093726,1.018162437210653
EGI1,4',240,4.0,Treat:4min,72,0.5353499975,0.59875,0.85165,0.40245001,0.5847100009999999,0.19570355806980164,0.597050001875,0.1884145221017567,0.597050001875,0.1884145221017567,3.3914865019348883,1.0702710099151869
EGI1,5',300,5.0,Treat:5min,0,0.121175,0.1879,0.25680000000000003,0.13829999999999998,0.17604375000000003,0.05561023364397503,0.17604375,0.06082026243709138,0.17604375,0.06082026243709138,1.0,0.3454837927338595
EGI1,5',300,5.0,Treat:5min,24,0.0902,0.25039999999999996,0.17515,0.10414999999999999,0.154975,0.07833781813402767,0.15497499999999997,0.07369292706902066,0.15497499999999997,0.07369292706902066,0.8803209429474206,0.41860575606359585
EGI1,5',300,5.0,Treat:5min,48,0.0689,0.1615,0.2762,0.1424,0.16225,0.12107533037328454,0.16225,0.08581649025682651,0.16225,0.08581649025682651,0.9216458976816843,0.4874725189438791
EGI1,5',300,5.0,Treat:5min,72,0.07644999999999999,0.11132500000000001,0.120749995,0.13795000000000002,0.15618571357142857,0.11462623661977328,0.11161874875,0.02590779565714742,0.11161874875,0.02590779565714742,0.6340398267476124,0.1471668017589231
HuCCT1,"0""",0,0.0,Control,0,0.13105,0.14552500000000002,0.20845,0.18735000000000002,0.17194500000000001,0.0677004545969344,0.16809375000000001,0.03596766125632858,0.16809375000000001,0.03596766125632858,1.0,0.21397381673220198
HuCCT1,"0""",0,0.0,Control,24,0.232875,0.41957500000000003,0.48187499999999994,0.41112499999999996,0.391315,0.1555808074856751,0.3863625,0.10707832316424581,0.3863625,0.10707832316424581,2.2984941438929165,0.6370154938196442
HuCCT1,"0""",0,0.0,Control,48,0.618225,1.0410499999999998,1.07215,0.9401375000000001,0.9223399999999998,0.31855904005380314,0.917890625,0.20757215346290828,0.917890625,0.20757215346290828,5.460587469789923,1.2348594368494263
HuCCT1,"0""",0,0.0,Control,72,1.6787750125,2.09125,2.2913500075,1.633575,1.8592958366666668,0.2984852101617524,1.923737505,0.3201043007183363,1.923737505,0.3201043007183363,11.444432080312325,1.904320063764038
HuCCT1,"15""",15,0.25,Treat:15s,0,0.13105,0.14552500000000002,0.20845,0.18735000000000002,0.17194500000000001,0.0677004545969344,0.16809375000000001,0.03596766125632858,0.16809375000000001,0.03596766125632858,1.0,0.21397381673220198
HuCCT1,"15""",15,0.25,Treat:15s,24,0.18564999999999998,0.3622,0.3825,0.42715,0.35692999999999997,0.15315192384615273,0.339375,0.10601347791672529,0.339375,0.10601347791672529,2.018962632459565,0.6306806643121786
HuCCT1,"15""",15,0.25,Treat:15s,48,0.4849,0.9502,0.87165,0.835475,0.7955400000000001,0.2668620011666453,0.78555625,0.2060790790519908,0.78555625,0.2060790790519908,4.673322178843651,1.2259770458567958
HuCCT1,"15""",15,0.25,Treat:15s,72,1.3083500300000002,1.806199965,1.3834499999999998,1.6132,1.544879999,0.20030182406159108,1.52779999875,0.22641769096443715,1.52779999875,0.22641769096443715,9.088975638594533,1.3469726921104272
HuCCT1,"30""",30,0.5,Treat:30s,0,0.13105,0.14552500000000002,0.20845,0.18735000000000002,0.17194500000000001,0.0677004545969344,0.16809375000000001,0.03596766125632858,0.16809375000000001,0.03596766125632858,1.0,0.21397381673220198
HuCCT1,"30""",30,0.5,Treat:30s,24,0.1916,0.3496,0.36985,0.372325,0.33114,0.12144346146801549,0.32084375,0.08676174362154095,0.32084375,0.08676174362154095,1.9087190927681723,0.516150919481188
HuCCT1,"30""",30,0.5,Treat:30s,48,0.34140000000000004,0.83355,0.7475499999999999,0.669875,0.65245,0.24352909477103535,0.64809375,0.21511318374966387,0.64809375,0.21511318374966387,3.8555493586168432,1.2797214872632912
HuCCT1,"30""",30,0.5,Treat:30s,72,1.011400015,1.1065500350000002,1.458649995,1.1182833333333333,1.1552416741666665,0.16489624462044258,1.1737208445833334,0.19588934613488582,1.1737208445833334,0.19588934613488582,6.982537093635743,1.165357701490304
HuCCT1,1',60,1.0,Treat:1min,0,0.13105,0.14552500000000002,0.20845,0.18735000000000002,0.17194500000000001,0.0677004545969344,0.16809375000000001,0.03596766125632858,0.16809375000000001,0.03596766125632858,1.0,0.21397381673220198
HuCCT1,1',60,1.0,Treat:1min,24,0.14995,0.33405,0.33465,0.37055,0.31195000000000006,0.12980214002687143,0.2973,0.09970484775910682,0.2973,0.09970484775910682,1.7686558839933073,0.5931502376448072
HuCCT1,1',60,1.0,Treat:1min,48,0.26215,0.6346499999999999,0.6757500000000001,0.555925,0.53688,0.20122612791473085,0.53211875,0.18671944794151288,0.53211875,0.18671944794151288,3.165606990146867,1.110805416272246
HuCCT1,1',60,1.0,Treat:1min,72,0.7688499950000001,0.65189999,1.182699975,0.80345000125,0.8310357092857144,0.17495445638966864,0.8517249903125,0.22998058661244494,0.8517249903125,0.22998058661244494,5.066964062093326,1.3681685762406093
HuCCT1,2',120,2.0,Treat:2min,0,0.13105,0.14552500000000002,0.20845,0.18735000000000002,0.17194500000000001,0.0677004545969344,0.16809375000000001,0.03596766125632858,0.16809375000000001,0.03596766125632858,1.0,0.21397381673220198
HuCCT1,2',120,2.0,Treat:2min,24,0.15215,0.44045,0.2621,0.244875,0.26888999999999996,0.10543782475415982,0.27489375,0.12047088924819141,0.27489375,0.12047088924819141,1.6353597322922475,0.7166886885930702
HuCCT1,2',120,2.0,Treat:2min,48,0.2153,0.6329,0.50895,0.40729999999999994,0.43434999999999996,0.17059473744651218,0.4411125,0.17655871721611482,0.4411125,0.17655871721611482,2.6242052426101505,1.0503586077181026
HuCCT1,2',120,2.0,Treat:2min,72,0.519299985,0.6806,0.538600015,0.71996249375,0.6597642821428572,0.11323569521111802,0.6146156234375,0.10052420055530914,0.6146156234375,0.10052420055530914,3.656385936047592,0.5980246175441332
HuCCT1,3',180,3.0,Treat:3min,0,0.13105,0.14552500000000002,0.20845,0.18735000000000002,0.17194500000000001,0.0677004545969344,0.16809375000000001,0.03596766125632858,0.16809375000000001,0.03596766125632858,1.0,0.21397381673220198
HuCCT1,3',180,3.0,Treat:3min,24,0.1422,0.26249999999999996,0.25255,0.27997500000000003,0.24344000000000002,0.09064940338101145,0.23430625,0.06244175410932976,0.23430625,0.06244175410932976,1.39390221230712,0.37146981437043175
HuCCT1,3',180,3.0,Treat:3min,48,0.15625,0.39795,0.3743,0.3502,0.32578,0.14208641775733202,0.31967500000000004,0.11068027903229495,0.31967500000000004,0.11068027903229495,1.901766127532999,0.6584437495879231
HuCCT1,3',180,3.0,Treat:3min,72,0.49104999,0.37129999999999996,0.60364997,0.5523166666666667,0.52049166,0.09778348000247296,0.5045791566666666,0.10006709060758621,0.5045791566666666,0.10006709060758621,3.0017722649810987,0.5953052425065548
HuCCT1,4',240,4.0,Treat:4min,0,0.13105,0.14552500000000002,0.20845,0.18735000000000002,0.17194500000000001,0.0677004545969344,0.16809375000000001,0.03596766125632858,0.16809375000000001,0.03596766125632858,1.0,0.21397381673220198
HuCCT1,4',240,4.0,Treat:4min,24,0.1078,0.17485,0.22794999999999999,0.24075,0.19841999999999999,0.08246799446519307,0.1878375,0.06050736008949654,0.1878375,0.06050736008949654,1.1174567763524816,0.35996198603158375
HuCCT1,4',240,4.0,Treat:4min,48,0.0937,0.31994999999999996,0.18,0.1911,0.19517,0.0965009763911456,0.1961875,0.09328944541050717,0.1961875,0.09328944541050717,1.1671314370700872,0.5549846166826974
HuCCT1,4',240,4.0,Treat:4min,72,0.13045,0.172400005,0.14125000000000001,0.343725,0.22631000100000004,0.1150335160946098,0.19695625125,0.09944905349505598,0.19695625125,0.09944905349505598,1.1717047852760736,0.5916285019226234
HuCCT1,5',300,5.0,Treat:5min,0,0.13105,0.14552500000000002,0.20845,0.18735000000000002,0.17194500000000001,0.0677004545969344,0.16809375000000001,0.03596766125632858,0.16809375000000001,0.03596766125632858,1.0,0.21397381673220198
HuCCT1,5',300,5.0,Treat:5min,24,0.05395,0.21305,0.0568,0.11623333333333334,0.12297999999999998,0.07695663353112873,0.11000833333333333,0.07445356308166558,0.11000833333333333,0.07445356308166558,0.654446303526058,0.44292880063456
HuCCT1,5',300,5.0,Treat:5min,48,0.04355,0.17165,0.1455,0.15961666666666666,0.12797,0.09435074986453472,0.13007916666666666,0.058667699446401794,0.13007916666666666,0.058667699446401794,0.7738489186341946,0.34901773234520495
HuCCT1,5',300,5.0,Treat:5min,72,0.0757,0.0761,0.08904999999999999,0.10342499999999999,0.09350714285714287,0.018472743508944456,0.08606875,0.013127759630518319,0.08606875,0.013127759630518319,0.512028258040528,0.07809784498542223
MiaPaCa2,"0""",0,0.0,Control,0,0.06895,0.0774,0.1304,0.2188875,0.142905,0.06892075140104187,0.123909375,0.0689120872433071,0.123909375,0.0689120872433071,1.0,0.5561490988337815
MiaPaCa2,"0""",0,0.0,Control,24,0.20475,0.31432499999999997,0.266575,0.21739999999999998,0.25076250000000005,0.04698951478787554,0.2507625,0.05006806408946392,0.2507625,0.05006806408946392,2.0237572822879626,0.40407002367225175
MiaPaCa2,"0""",0,0.0,Control,48,0.48885,0.77705,0.61785,0.421975,0.5764312500000001,0.14392610936981956,0.57643125,0.15651475353115013,0.57643125,0.15651475353115013,4.652039040629492,1.2631389152850632
MiaPaCa2,"0""",0,0.0,Control,72,1.72195,2.024975,1.76065,1.1052583333333335,1.4705583333333336,0.4819528624945244,1.6532083333333334,0.3893279617566089,1.6532083333333334,0.3893279617566089,13.342076282229115,3.1420379753881327
MiaPaCa2,"15""",15,0.25,Treat:15s,0,0.06895,0.0774,0.1304,0.2188875,0.142905,0.06892075140104187,0.123909375,0.0689120872433071,0.123909375,0.0689120872433071,1.0,0.5561490988337815
MiaPaCa2,"15""",15,0.25,Treat:15s,24,0.1979,0.29305000000000003,0.22335,0.16325,0.21938749999999999,0.05316291504154268,0.2193875,0.05493935103062893,0.2193875,0.05493935103062893,1.7705480315754962,0.44338332777991113
MiaPaCa2,"15""",15,0.25,Treat:15s,48,0.39544999999999997,0.66865,0.5219,0.30705000000000005,0.4732625,0.14747676754080866,0.47326250000000003,0.15729299822835935,0.47326250000000003,0.15729299822835935,3.819424478575572,1.2694196724691682
MiaPaCa2,"15""",15,0.25,Treat:15s,72,1.3923999999999999,1.6149,1.2986499999999999,0.9045666666666667,1.1699416666666667,0.34030636854119745,1.3026291666666667,0.29667123416427743,1.3026291666666667,0.29667123416427743,10.512757139374376,2.3942597899818105
MiaPaCa2,"30""",30,0.5,Treat:30s,0,0.06895,0.0774,0.1304,0.2188875,0.142905,0.06892075140104187,0.123909375,0.0689120872433071,0.123909375,0.0689120872433071,1.0,0.5561490988337815
MiaPaCa2,"30""",30,0.5,Treat:30s,24,0.16465,0.29555,0.2175,0.17405,0.2129375,0.05548314898623333,0.2129375,0.05969243914991802,0.2129375,0.05969243914991802,1.7184938589190688,0.4817427184175372
MiaPaCa2,"30""",30,0.5,Treat:30s,48,0.31645,0.5868,0.43989999999999996,0.25434999999999997,0.3993749999999999,0.13641547618528188,0.399375,0.146832344869923,0.399375,0.146832344869923,3.223121737156692,1.1849978653344269
MiaPaCa2,"30""",30,0.5,Treat:30s,72,1.13405,1.21675,1.0060499999999999,0.6705166666666665,0.8947333333333335,0.2780130223677664,1.0068416666666666,0.2403876042515042,1.0068416666666666,0.2403876042515042,8.125629450287088,1.9400275746004223
MiaPaCa2,1',60,1.0,Treat:1min,0,0.06895,0.0774,0.1304,0.2188875,0.142905,0.06892075140104187,0.123909375,0.0689120872433071,0.123909375,0.0689120872433071,1.0,0.5561490988337815
MiaPaCa2,1',60,1.0,Treat:1min,24,0.1547,0.24385,0.20555,0.16044999999999998,0.19113750000000004,0.03943337735979492,0.19113750000000002,0.04185587125282825,0.19113750000000002,0.04185587125282825,1.54255882575471,0.33779422463254494
MiaPaCa2,1',60,1.0,Treat:1min,48,0.27735,0.42745,0.3439,0.2059,0.31365000000000004,0.0913715491824452,0.31365,0.09450441788614963,0.31365,0.09450441788614963,2.531285465688129,0.7626898116962468
MiaPaCa2,1',60,1.0,Treat:1min,72,0.81985,0.8963,0.7565999999999999,0.4666166666666667,0.6454333333333333,0.20822203329982886,0.7348416666666666,0.18771723933737264,0.7348416666666666,0.18771723933737264,5.9304767429152685,1.514955904969843
MiaPaCa2,2',120,2.0,Treat:2min,0,0.06895,0.0774,0.1304,0.2188875,0.142905,0.06892075140104187,0.123909375,0.0689120872433071,0.123909375,0.0689120872433071,1.0,0.5561490988337815
MiaPaCa2,2',120,2.0,Treat:2min,24,0.1451,0.2679,0.18245,0.1404,0.18396250000000003,0.055351782459362224,0.1839625,0.059036081834191324,0.1839625,0.059036081834191324,1.4846536026834127,0.47644564290790203
MiaPaCa2,2',120,2.0,Treat:2min,48,0.20350000000000001,0.39075000000000004,0.2804,0.1703,0.2612375,0.09087416633533903,0.2612375,0.0978841779434586,0.2612375,0.0978841779434586,2.1082948727648736,0.7899658758141472
MiaPaCa2,2',120,2.0,Treat:2min,72,0.6447499999999999,0.73885,0.6009500000000001,0.35075000000000006,0.5061333333333333,0.17370350566061646,0.583825,0.16569231273659013,0.583825,0.16569231273659013,4.711709666843207,1.3372056209353822
MiaPaCa2,3',180,3.0,Treat:3min,0,0.06895,0.0774,0.1304,0.2188875,0.142905,0.06892075140104187,0.123909375,0.0689120872433071,0.123909375,0.0689120872433071,1.0,0.5561490988337815
MiaPaCa2,3',180,3.0,Treat:3min,24,0.1188,0.1822,0.16870000000000002,0.1189,0.14715,0.03319948364486588,0.14715,0.03313955340676757,0.14715,0.03313955340676757,1.1875614738594236,0.2674499278748486
MiaPaCa2,3',180,3.0,Treat:3min,48,0.19269999999999998,0.3976,0.23704999999999998,0.1136,0.23523750000000002,0.11655414361084354,0.2352375,0.11968011095555241,0.2352375,0.11968011095555241,1.8984640992660966,0.9658680867008844
MiaPaCa2,3',180,3.0,Treat:3min,72,0.5982000000000001,0.6288,0.48725,0.2989,0.43515833333333337,0.16089331563228945,0.5032875,0.14921262443796998,0.5032875,0.14921262443796998,4.061738669894832,1.2042077077539126
MiaPaCa2,4',240,4.0,Treat:4min,0,0.06895,0.0774,0.1304,0.2188875,0.142905,0.06892075140104187,0.123909375,0.0689120872433071,0.123909375,0.0689120872433071,1.0,0.5561490988337815
MiaPaCa2,4',240,4.0,Treat:4min,24,0.10445,0.15425,0.1518,0.108,0.129625,0.02651504963493112,0.129625,0.027077312151196492,0.129625,0.027077312151196492,1.0461274621068823,0.2185251289597457
MiaPaCa2,4',240,4.0,Treat:4min,48,0.14865,0.28335,0.16854999999999998,0.07995,0.170125,0.08309577520634161,0.170125,0.08448883062275155,0.170125,0.08448883062275155,1.3729792439030541,0.6818598723684268
MiaPaCa2,4',240,4.0,Treat:4min,72,0.3892,0.404,0.2853,0.1975,0.2785,0.11860316567904455,0.319,0.09669708716743575,0.319,0.09669708716743575,2.574462182542685,0.7803855613623727
MiaPaCa2,5',300,5.0,Treat:5min,0,0.06895,0.0774,0.1304,0.2188875,0.142905,0.06892075140104187,0.123909375,0.0689120872433071,0.123909375,0.0689120872433071,1.0,0.5561490988337815
MiaPaCa2,5',300,5.0,Treat:5min,24,0.08954999999999999,0.1343,0.09004999999999999,0.0952,0.102275,0.021502342065126585,0.102275,0.02150218981096267,0.102275,0.02150218981096267,0.8254016292149,0.17353158153660828
MiaPaCa2,5',300,5.0,Treat:5min,48,0.0864,0.14335,0.0827,0.0682,0.09516250000000001,0.034544875059220326,0.0951625,0.03307117009823914,0.0951625,0.03307117009823914,0.7680008070414365,0.2668980462393515
MiaPaCa2,5',300,5.0,Treat:5min,72,0.10139999999999999,0.14905000000000002,0.07485,0.147725,0.12415000000000001,0.05593143123503992,0.11825625000000001,0.0364458409549933,0.11825625000000001,0.0364458409549933,0.9543769387909511,0.2941330383999863
PANC1,"0""",0,0.0,Control,0,0.11914999999999999,0.11610000000000001,0.232475,0.27655,0.20888333333333334,0.08358127867487751,0.18606875,0.08106405228531736,0.18606875,0.08106405228531736,1.0,0.4356672051879607
PANC1,"0""",0,0.0,Control,24,0.25732499999999997,0.432475,0.389,0.3206375,0.3440149999999999,0.09414675148824592,0.349859375,0.07697155005733722,0.349859375,0.07697155005733722,1.8802693896745153,0.41367263475106497
PANC1,"0""",0,0.0,Control,48,0.6478999999999999,0.911125,0.7149,0.5806375,0.68704,0.18086132343812336,0.713640625,0.142610571639094,0.713640625,0.142610571639094,3.8353599140102785,0.7664402090038976
PANC1,"0""",0,0.0,Control,72,1.772025,1.675325,1.9516833333333332,1.4024416666666668,1.7165444444444444,0.6583330851671063,1.70036875,0.2292606772196508,1.70036875,0.2292606772196508,9.138389708105203,1.2321288621525688
PANC1,"15""",15,0.25,Treat:15s,0,0.11914999999999999,0.11610000000000001,0.232475,0.27655,0.20888333333333334,0.08358127867487751,0.18606875,0.08106405228531736,0.18606875,0.08106405228531736,1.0,0.4356672051879607
PANC1,"15""",15,0.25,Treat:15s,24,0.2324,0.37495,0.40369999999999995,0.25865000000000005,0.30567000000000005,0.10394130875963907,0.317425,0.08453057139283986,0.317425,0.08453057139283986,1.7059554600114206,0.45429751848625766
PANC1,"15""",15,0.25,Treat:15s,48,0.56455,0.79005,0.69635,0.40675,0.5728899999999999,0.19945251425952135,0.614425,0.16650552293142312,0.614425,0.16650552293142312,3.3021396661180344,0.8948602219954889
PANC1,"15""",15,0.25,Treat:15s,72,1.462,1.22925,1.4301,1.0849125000000002,1.2087142857142859,0.3663989751773184,1.301565625,0.17741514443970804,1.301565625,0.17741514443970804,6.995079103825871,0.9534924292215003
PANC1,"30""",30,0.5,Treat:30s,0,0.11914999999999999,0.11610000000000001,0.232475,0.27655,0.20888333333333334,0.08358127867487751,0.18606875,0.08106405228531736,0.18606875,0.08106405228531736,1.0,0.4356672051879607
PANC1,"30""",30,0.5,Treat:30s,24,0.2207,0.39815,0.377,0.27015,0.30723,0.10524407663458633,0.3165,0.08495672427771683,0.3165,0.08495672427771683,1.700984179234826,0.4565878164802893
PANC1,"30""",30,0.5,Treat:30s,48,0.5186,0.68765,0.62295,0.3669,0.5126,0.17779790649936134,0.549025,0.13997260743921766,0.549025,0.13997260743921766,2.9506566793188,0.752262846067476
PANC1,"30""",30,0.5,Treat:30s,72,1.26755,1.0409000000000002,1.1700499999999998,0.9117875,1.0179499999999997,0.317887018512021,1.0975718749999999,0.1547828338804484,1.0975718749999999,0.1547828338804484,5.89874374391186,0.8318582990451023
PANC1,1',60,1.0,Treat:1min,0,0.11914999999999999,0.11610000000000001,0.232475,0.27655,0.20888333333333334,0.08358127867487751,0.18606875,0.08106405228531736,0.18606875,0.08106405228531736,1.0,0.4356672051879607
PANC1,1',60,1.0,Treat:1min,24,0.2156,0.3264,0.35585,0.2283,0.27089,0.08216682826218046,0.2815375,0.0700404094672021,0.2815375,0.0700404094672021,1.513083201773538,0.3764222066693203
PANC1,1',60,1.0,Treat:1min,48,0.42805,0.5912999999999999,0.5086999999999999,0.305375,0.42776,0.13959361812856014,0.45835624999999997,0.12183358249233525,0.45835624999999997,0.12183358249233525,2.463370394007591,0.6547772395543865
PANC1,1',60,1.0,Treat:1min,72,1.0024000000000002,0.8663000000000001,0.97695,0.7408375,0.8298571428571428,0.2546201475933112,0.8966218750000001,0.11948473681072898,0.8966218750000001,0.11948473681072898,4.8187665849316454,0.6421537029228658
PANC1,2',120,2.0,Treat:2min,0,0.11914999999999999,0.11610000000000001,0.232475,0.27655,0.20888333333333334,0.08358127867487751,0.18606875,0.08106405228531736,0.18606875,0.08106405228531736,1.0,0.4356672051879607
PANC1,2',120,2.0,Treat:2min,24,0.18614999999999998,0.3235,0.33204999999999996,0.225875,0.25869,0.08174025867887184,0.26689375,0.07223040788280699,0.26689375,0.07223040788280699,1.4343824527224478,0.3881920412901521
PANC1,2',120,2.0,Treat:2min,48,0.3419,0.5631999999999999,0.44825000000000004,0.26192499999999996,0.37544,0.1343188594353003,0.40381875,0.13082340096321962,0.40381875,0.13082340096321962,2.1702663665983675,0.7030917387429089
PANC1,2',120,2.0,Treat:2min,72,0.7999499999999999,0.70305,0.8068500000000001,0.5911249999999999,0.6677642857142857,0.19426565319425107,0.72524375,0.10119454113859112,0.72524375,0.10119454113859112,3.897719256995062,0.5438556508741588
PANC1,3',180,3.0,Treat:3min,0,0.11914999999999999,0.11610000000000001,0.232475,0.27655,0.20888333333333334,0.08358127867487751,0.18606875,0.08106405228531736,0.18606875,0.08106405228531736,1.0,0.4356672051879607
PANC1,3',180,3.0,Treat:3min,24,0.17215000000000003,0.2898,0.29869999999999997,0.19619999999999999,0.23061000000000004,0.07280101418707471,0.2392125,0.06440836352265647,0.2392125,0.06440836352265647,1.2856135165093547,0.34615357776443634
PANC1,3',180,3.0,Treat:3min,48,0.30365,0.5062,0.4012,0.2411,0.33865,0.12347661272034025,0.3630375,0.11597055211704967,0.3630375,0.11597055211704967,1.9510933458735011,0.6232672177195239
PANC1,3',180,3.0,Treat:3min,72,0.7261,0.5798,0.48915,0.4527,0.5151214285714285,0.16201156263850902,0.5619375,0.12179114209032882,0.5619375,0.12179114209032882,3.0200530717812635,0.6545491496574724
PANC1,4',240,4.0,Treat:4min,0,0.11914999999999999,0.11610000000000001,0.232475,0.27655,0.20888333333333334,0.08358127867487751,0.18606875,0.08106405228531736,0.18606875,0.08106405228531736,1.0,0.4356672051879607
PANC1,4',240,4.0,Treat:4min,24,0.11654999999999999,0.2149,0.2427,0.192825,0.19195999999999996,0.06743296589123822,0.19174375,0.05412337901729714,0.19174375,0.05412337901729714,1.0304994793591078,0.2908783931600397
PANC1,4',240,4.0,Treat:4min,48,0.20115,0.3875,0.22644999999999998,0.18545,0.23720000000000002,0.08726858923270525,0.2501375,0.09311963966675703,0.2501375,0.09311963966675703,1.3443283732491351,0.5004582428094831
PANC1,4',240,4.0,Treat:4min,72,0.52525,0.20884999999999998,0.13324999999999998,0.283675,0.28600714285714285,0.15888486138025915,0.28775625,0.16982178449652252,0.28775625,0.16982178449652252,1.546504988075644,0.9126829975292601
PANC1,5',300,5.0,Treat:5min,0,0.11914999999999999,0.11610000000000001,0.232475,0.27655,0.20888333333333334,0.08358127867487751,0.18606875,0.08106405228531736,0.18606875,0.08106405228531736,1.0,0.4356672051879607
PANC1,5',300,5.0,Treat:5min,24,0.1133,0.15575,0.2329,0.13672499999999999,0.15508000000000002,0.050953154956292865,0.15966875,0.051815857350010784,0.15966875,0.051815857350010784,0.8581169594571898,0.27847694655878963
PANC1,5',300,5.0,Treat:5min,48,0.109,0.23145,0.10235,0.116175,0.13502999999999998,0.0746091154692985,0.13974375,0.06139759215894925,0.13974375,0.06139759215894925,0.7510328843505425,0.32997261581511805
PANC1,5',300,5.0,Treat:5min,72,0.1966,0.13065,0.06645000000000001,0.13346249999999998,0.13250714285714285,0.06294157809228534,0.131790625,0.05314680471639381,0.131790625,0.05314680471639381,0.7082899465923214,0.2856299336476104
