cell_line,exposure_label_raw,exposure_seconds,exposure_minutes,exposure_label,time_h,n1,n2,n3,n4,mean_sheet,sd_sheet,mean_recomputed,sd_recomputed,mean_used,sd_used,mean_t0_normalized,sd_t0_normalized,mean_abs_diff,sd_abs_diff
EGI1,"0""",0,0.0,Control,0,0.121175,0.1879,0.2568,0.1382999999999999,0.17604375,0.055610233643975,0.17604375,0.0608202624370913,0.17604375,0.0608202624370913,1.0,0.3454837927338595,0.0,0.0052100287931163
EGI1,"0""",0,0.0,Control,24,0.2248,0.4232499999999999,0.53705,0.21215,0.3493125,0.1406320526009272,0.3493125,0.1581444876002111,0.3493125,0.1581444876002111,1.984236872936415,0.898324919800965,0.0,0.0175124349992839
EGI1,"0""",0,0.0,Control,48,0.5373,0.86705,1.21625,0.54195,0.7906374999999999,0.2857567220884756,0.7906375,0.3230119873291598,0.7906375,0.3230119873291598,4.491142116661341,1.8348392790380792,1.1102230246251565e-16,0.03725526524068423
EGI1,"0""",0,0.0,Control,72,1.276600005,1.53879999875,2.15577499625,1.4275,1.6822083325,0.4417447045115397,1.59966875,0.3859942376380927,1.59966875,0.3859942376380927,9.08676820392658,2.1926040409732965,0.08253958249999993,0.05575046687344698
EGI1,"15""",15,0.25,Treat:15s,0,0.121175,0.1879,0.2568,0.1382999999999999,0.17604375,0.055610233643975,0.17604375,0.0608202624370913,0.17604375,0.0608202624370913,1.0,0.3454837927338595,0.0,0.0052100287931163
EGI1,"15""",15,0.25,Treat:15s,24,0.19835,0.35565,0.42425,0.2523999999999999,0.3076625,0.0892317444564993,0.3076625,0.1014866360249795,0.3076625,0.1014866360249795,1.7476479568289134,0.5764853113216432,0.0,0.012254891568480197
EGI1,"15""",15,0.25,Treat:15s,48,0.4659,0.7887,1.08695,0.53615,0.719425,0.2451982616170026,0.719425,0.281506839762968,0.719425,0.281506839762968,4.086626193772855,1.5990731835862848,0.0,0.03630857814596539
EGI1,"15""",15,0.25,Treat:15s,72,1.24425,1.68495,1.590750035,1.677075,1.574820007,0.2831996597729606,1.54925625875,0.2077666747205571,1.54925625875,0.2077666747205571,8.800404778641674,1.1801990966481748,0.025563748249999962,0.07543298505240348
EGI1,"30""",30,0.5,Treat:30s,0,0.121175,0.1879,0.2568,0.1382999999999999,0.17604375,0.055610233643975,0.17604375,0.0608202624370913,0.17604375,0.0608202624370913,1.0,0.3454837927338595,0.0,0.0052100287931163
EGI1,"30""",30,0.5,Treat:30s,24,0.17995,0.3939,0.51905,0.25305,0.3364874999999999,0.1309942764732491,0.3364875,0.1506553095369249,0.3364875,0.1506553095369249,1.9113856640749811,0.8557833466790212,1.1102230246251565e-16,0.01966103306367581
EGI1,"30""",30,0.5,Treat:30s,48,0.4530499999999999,0.7967,1.02315,0.50415,0.6942625,0.234619346961733,0.6942625,0.2664499089103491,0.6942625,0.2664499089103491,3.943692974047644,1.5135437009854036,0.0,0.03183056194861608
EGI1,"30""",30,0.5,Treat:30s,72,1.00819999,1.38655,1.50192501,1.1599499999999998,1.261125,0.2390439787870301,1.26415625,0.2220260966967998,1.26415625,0.2220260966967998,7.180920935846912,1.2611984049237752,0.003031250000000041,0.017017882090230307
EGI1,1',60,1.0,Treat:1min,0,0.121175,0.1879,0.2568,0.1382999999999999,0.17604375,0.055610233643975,0.17604375,0.0608202624370913,0.17604375,0.0608202624370913,1.0,0.3454837927338595,0.0,0.0052100287931163
EGI1,1',60,1.0,Treat:1min,24,0.17285,0.37905,0.4770999999999999,0.2178999999999999,0.311725,0.1236308517320817,0.311725,0.1413871074980553,0.311725,0.1413871074980553,1.7707246068093867,0.8031361948268846,0.0,0.017756255765973603
EGI1,1',60,1.0,Treat:1min,48,0.36415,0.68845,0.97435,0.4315,0.6146125000000001,0.2431810137916813,0.6146125,0.2775636244629328,0.6146125,0.2775636244629328,3.491248624276636,1.576674119148978,1.1102230246251565e-16,0.03438261067125151
EGI1,1',60,1.0,Treat:1min,72,0.8947833350000001,1.2199499975,1.12435001,1.0276,1.0394571442857143,0.2337574181828909,1.066670835625,0.1389163197626892,1.066670835625,0.1389163197626892,6.059123573685519,0.7891011169819393,0.02721369133928575,0.09484109842020169
EGI1,2',120,2.0,Treat:2min,0,0.121175,0.1879,0.2568,0.1382999999999999,0.17604375,0.055610233643975,0.17604375,0.0608202624370913,0.17604375,0.0608202624370913,1.0,0.3454837927338595,0.0,0.0052100287931163
EGI1,2',120,2.0,Treat:2min,24,0.1749,0.32425,0.39765,0.1953,0.3493125,0.1406320526009272,0.273025,0.1061839324003401,0.273025,0.1061839324003401,1.5508928888415523,0.6031678625361033,0.07628750000000001,0.0344481202005871
EGI1,2',120,2.0,Treat:2min,48,0.317,0.6209,0.8407,0.39935,0.7906374999999999,0.2857567220884756,0.5444875,0.2355109140252315,0.5444875,0.2355109140252315,3.09291014307523,1.3377976441948751,0.24614999999999987,0.05024580806324408
EGI1,2',120,2.0,Treat:2min,72,0.8300250025,1.0095166633333337,1.049799975,0.9126,1.6822083325,0.4417447045115397,0.9504854102083332,0.0988164725761475,0.9504854102083332,0.0988164725761475,5.399143168719897,0.5613176984479573,0.7317229222916667,0.3429282319353922
EGI1,3',180,3.0,Treat:3min,0,0.121175,0.1879,0.2568,0.1382999999999999,0.17604375,0.055610233643975,0.17604375,0.0608202624370913,0.17604375,0.0608202624370913,1.0,0.3454837927338595,0.0,0.0052100287931163
EGI1,3',180,3.0,Treat:3min,24,0.13645,0.286,0.4023,0.179,0.3493125,0.1406320526009272,0.2509375,0.1189150633505556,0.2509375,0.1189150633505556,1.4254269180246386,0.6754858570699366,0.09837500000000005,0.021716989250371604
EGI1,3',180,3.0,Treat:3min,48,0.26085,0.4979,0.66815,0.2676,0.7906374999999999,0.2857567220884756,0.423625,0.196764455208082,0.423625,0.196764455208082,2.4063620548869245,1.1177020212764273,0.3670124999999999,0.08899226688039358
EGI1,3',180,3.0,Treat:3min,72,0.76795001,0.8531250025,0.8858999949999999,0.7662,1.6822083325,0.4417447045115397,0.818293751875,0.060641216621395,0.818293751875,0.060641216621395,4.648240859871481,0.344466739781418,0.8639145806249999,0.3811034878901447
EGI1,4',240,4.0,Treat:4min,0,0.121175,0.1879,0.2568,0.1382999999999999,0.17604375,0.055610233643975,0.17604375,0.0608202624370913,0.17604375,0.0608202624370913,1.0,0.3454837927338595,0.0,0.0052100287931163
EGI1,4',240,4.0,Treat:4min,24,0.12375,0.25405,0.33335,0.15765,0.2172,0.08619642901536,0.2172,0.0950926740956771,0.2172,0.0950926740956771,1.2337842155714134,0.5401650106617085,0.0,0.008896245080317097
EGI1,4',240,4.0,Treat:4min,48,0.19105,0.48575,0.5237499999999999,0.2,0.3501375,0.1558550503472697,0.3501375,0.1792411335557029,0.3501375,0.1792411335557029,1.9889232080093728,1.018162437210653,0.0,0.02338608320843319
EGI1,4',240,4.0,Treat:4min,72,0.5353499975,0.59875,0.85165,0.40245001,0.5847100009999999,0.1957035580698016,0.597050001875,0.1884145221017567,0.597050001875,0.1884145221017567,3.3914865019348883,1.0702710099151869,0.01234000087500009,0.007289035968044921
EGI1,5',300,5.0,Treat:5min,0,0.121175,0.1879,0.2568,0.1382999999999999,0.17604375,0.055610233643975,0.17604375,0.0608202624370913,0.17604375,0.0608202624370913,1.0,0.3454837927338595,0.0,0.0052100287931163
EGI1,5',300,5.0,Treat:5min,24,0.0902,0.2503999999999999,0.17515,0.1041499999999999,0.154975,0.0783378181340276,0.1549749999999999,0.0736929270690206,0.1549749999999999,0.0736929270690206,0.8803209429474206,0.4186057560635958,1.1102230246251565e-16,0.004644891065006998
EGI1,5',300,5.0,Treat:5min,48,0.0689,0.1615,0.2762,0.1424,0.16225,0.1210753303732845,0.16225,0.0858164902568265,0.16225,0.0858164902568265,0.9216458976816844,0.4874725189438791,0.0,0.035258840116457996
EGI1,5',300,5.0,Treat:5min,72,0.0764499999999999,0.111325,0.120749995,0.13795,0.1561857135714285,0.1146262366197732,0.11161874875,0.0259077956571474,0.11161874875,0.0259077956571474,0.6340398267476124,0.1471668017589231,0.044566964821428495,0.0887184409626258
HuCCT1,"0""",0,0.0,Control,0,0.13105,0.145525,0.20845,0.18735,0.171945,0.0677004545969344,0.16809375,0.0359676612563285,0.16809375,0.0359676612563285,1.0,0.2139738167322019,0.0038512500000000005,0.0317327933406059
HuCCT1,"0""",0,0.0,Control,24,0.232875,0.419575,0.4818749999999999,0.4111249999999999,0.391315,0.1555808074856751,0.3863625,0.1070783231642458,0.3863625,0.1070783231642458,2.2984941438929165,0.6370154938196442,0.004952500000000026,0.0485024843214293
HuCCT1,"0""",0,0.0,Control,48,0.618225,1.0410499999999998,1.07215,0.9401375,0.9223399999999998,0.3185590400538031,0.917890625,0.2075721534629082,0.917890625,0.2075721534629082,5.460587469789923,1.2348594368494263,0.004449374999999867,0.1109868865908949
HuCCT1,"0""",0,0.0,Control,72,1.6787750125,2.09125,2.2913500075,1.633575,1.8592958366666668,0.2984852101617524,1.923737505,0.3201043007183363,1.923737505,0.3201043007183363,11.444432080312325,1.904320063764038,0.06444166833333331,0.021619090556583898
HuCCT1,"15""",15,0.25,Treat:15s,0,0.13105,0.145525,0.20845,0.18735,0.171945,0.0677004545969344,0.16809375,0.0359676612563285,0.16809375,0.0359676612563285,1.0,0.2139738167322019,0.0038512500000000005,0.0317327933406059
HuCCT1,"15""",15,0.25,Treat:15s,24,0.1856499999999999,0.3622,0.3825,0.42715,0.3569299999999999,0.1531519238461527,0.339375,0.1060134779167252,0.339375,0.1060134779167252,2.018962632459565,0.6306806643121786,0.017554999999999932,0.047138445929427494
HuCCT1,"15""",15,0.25,Treat:15s,48,0.4849,0.9502,0.87165,0.835475,0.7955400000000001,0.2668620011666453,0.78555625,0.2060790790519908,0.78555625,0.2060790790519908,4.673322178843651,1.2259770458567958,0.00998375000000018,0.060782922114654525
HuCCT1,"15""",15,0.25,Treat:15s,72,1.3083500300000002,1.806199965,1.3834499999999998,1.6132,1.544879999,0.200301824061591,1.52779999875,0.2264176909644371,1.52779999875,0.2264176909644371,9.088975638594532,1.3469726921104272,0.017080000250000005,0.02611586690284609
HuCCT1,"30""",30,0.5,Treat:30s,0,0.13105,0.145525,0.20845,0.18735,0.171945,0.0677004545969344,0.16809375,0.0359676612563285,0.16809375,0.0359676612563285,1.0,0.2139738167322019,0.0038512500000000005,0.0317327933406059
HuCCT1,"30""",30,0.5,Treat:30s,24,0.1916,0.3496,0.36985,0.372325,0.33114,0.1214434614680154,0.32084375,0.0867617436215409,0.32084375,0.0867617436215409,1.9087190927681723,0.516150919481188,0.010296250000000007,0.0346817178464745
HuCCT1,"30""",30,0.5,Treat:30s,48,0.3414,0.83355,0.7475499999999999,0.669875,0.65245,0.2435290947710353,0.64809375,0.2151131837496638,0.64809375,0.2151131837496638,3.8555493586168432,1.2797214872632912,0.0043562499999999504,0.028415911021371504
HuCCT1,"30""",30,0.5,Treat:30s,72,1.011400015,1.1065500350000002,1.458649995,1.1182833333333333,1.1552416741666665,0.1648962446204425,1.1737208445833334,0.1958893461348858,1.1737208445833334,0.1958893461348858,6.982537093635743,1.165357701490304,0.018479170416666912,0.03099310151444329
HuCCT1,1',60,1.0,Treat:1min,0,0.13105,0.145525,0.20845,0.18735,0.171945,0.0677004545969344,0.16809375,0.0359676612563285,0.16809375,0.0359676612563285,1.0,0.2139738167322019,0.0038512500000000005,0.0317327933406059
HuCCT1,1',60,1.0,Treat:1min,24,0.14995,0.33405,0.33465,0.37055,0.31195,0.1298021400268714,0.2973,0.0997048477591068,0.2973,0.0997048477591068,1.7686558839933073,0.5931502376448072,0.014649999999999996,0.0300972922677646
HuCCT1,1',60,1.0,Treat:1min,48,0.26215,0.6346499999999999,0.6757500000000001,0.555925,0.53688,0.2012261279147308,0.53211875,0.1867194479415128,0.53211875,0.1867194479415128,3.165606990146867,1.110805416272246,0.00476125000000005,0.014506679973218
HuCCT1,1',60,1.0,Treat:1min,72,0.7688499950000001,0.65189999,1.182699975,0.80345000125,0.8310357092857144,0.1749544563896686,0.8517249903125,0.2299805866124449,0.8517249903125,0.2299805866124449,5.066964062093326,1.3681685762406093,0.02068928102678569,0.055026130222776276
HuCCT1,2',120,2.0,Treat:2min,0,0.13105,0.145525,0.20845,0.18735,0.171945,0.0677004545969344,0.16809375,0.0359676612563285,0.16809375,0.0359676612563285,1.0,0.2139738167322019,0.0038512500000000005,0.0317327933406059
HuCCT1,2',120,2.0,Treat:2min,24,0.15215,0.44045,0.2621,0.244875,0.2688899999999999,0.1054378247541598,0.27489375,0.1204708892481914,0.27489375,0.1204708892481914,1.6353597322922475,0.7166886885930702,0.006003750000000085,0.015033064494031592
HuCCT1,2',120,2.0,Treat:2min,48,0.2153,0.6329,0.50895,0.4072999999999999,0.4343499999999999,0.1705947374465121,0.4411125,0.1765587172161148,0.4411125,0.1765587172161148,2.6242052426101505,1.0503586077181026,0.006762500000000116,0.005963979769602695
HuCCT1,2',120,2.0,Treat:2min,72,0.519299985,0.6806,0.538600015,0.71996249375,0.6597642821428572,0.113235695211118,0.6146156234375,0.1005242005553091,0.6146156234375,0.1005242005553091,3.656385936047592,0.5980246175441332,0.045148658705357225,0.012711494655808897
HuCCT1,3',180,3.0,Treat:3min,0,0.13105,0.145525,0.20845,0.18735,0.171945,0.0677004545969344,0.16809375,0.0359676612563285,0.16809375,0.0359676612563285,1.0,0.2139738167322019,0.0038512500000000005,0.0317327933406059
HuCCT1,3',180,3.0,Treat:3min,24,0.1422,0.2624999999999999,0.25255,0.279975,0.24344,0.0906494033810114,0.23430625,0.0624417541093297,0.23430625,0.0624417541093297,1.39390221230712,0.3714698143704317,0.009133749999999996,0.028207649271681706
HuCCT1,3',180,3.0,Treat:3min,48,0.15625,0.39795,0.3743,0.3502,0.32578,0.142086417757332,0.319675,0.1106802790322949,0.319675,0.1106802790322949,1.901766127532999,0.6584437495879231,0.006105000000000027,0.0314061387250371
HuCCT1,3',180,3.0,Treat:3min,72,0.49104999,0.3712999999999999,0.60364997,0.5523166666666667,0.52049166,0.0977834800024729,0.5045791566666666,0.1000670906075862,0.5045791566666666,0.1000670906075862,3.0017722649810987,0.5953052425065548,0.015912503333333383,0.002283610605113298
HuCCT1,4',240,4.0,Treat:4min,0,0.13105,0.145525,0.20845,0.18735,0.171945,0.0677004545969344,0.16809375,0.0359676612563285,0.16809375,0.0359676612563285,1.0,0.2139738167322019,0.0038512500000000005,0.0317327933406059
HuCCT1,4',240,4.0,Treat:4min,24,0.1078,0.17485,0.2279499999999999,0.24075,0.1984199999999999,0.082467994465193,0.1878375,0.0605073600894965,0.1878375,0.0605073600894965,1.1174567763524816,0.3599619860315837,0.010582499999999911,0.0219606343756965
HuCCT1,4',240,4.0,Treat:4min,48,0.0937,0.3199499999999999,0.18,0.1911,0.19517,0.0965009763911456,0.1961875,0.0932894454105071,0.1961875,0.0932894454105071,1.1671314370700872,0.5549846166826974,0.0010174999999999768,0.003211530980638505
HuCCT1,4',240,4.0,Treat:4min,72,0.13045,0.172400005,0.14125,0.343725,0.226310001,0.1150335160946098,0.19695625125,0.0994490534950559,0.19695625125,0.0994490534950559,1.1717047852760736,0.5916285019226234,0.02935374975000002,0.0155844625995539
HuCCT1,5',300,5.0,Treat:5min,0,0.13105,0.145525,0.20845,0.18735,0.171945,0.0677004545969344,0.16809375,0.0359676612563285,0.16809375,0.0359676612563285,1.0,0.2139738167322019,0.0038512500000000005,0.0317327933406059
HuCCT1,5',300,5.0,Treat:5min,24,0.05395,0.21305,0.0568,0.1162333333333333,0.1229799999999999,0.0769566335311287,0.1100083333333333,0.0744535630816655,0.1100083333333333,0.0744535630816655,0.654446303526058,0.44292880063456,0.01297166666666659,0.002503070449463199
HuCCT1,5',300,5.0,Treat:5min,48,0.04355,0.17165,0.1455,0.1596166666666666,0.12797,0.0943507498645347,0.1300791666666666,0.0586676994464017,0.1300791666666666,0.0586676994464017,0.7738489186341946,0.3490177323452049,0.0021091666666666065,0.03568305041813301
HuCCT1,5',300,5.0,Treat:5min,72,0.0757,0.0761,0.0890499999999999,0.1034249999999999,0.0935071428571428,0.0184727435089444,0.08606875,0.0131277596305183,0.08606875,0.0131277596305183,0.512028258040528,0.0780978449854222,0.007438392857142803,0.0053449838784261
MiaPaCa2,"0""",0,0.0,Control,0,0.06895,0.0774,0.1304,0.2188875,0.142905,0.0689207514010418,0.123909375,0.0689120872433071,0.123909375,0.0689120872433071,1.0,0.5561490988337815,0.018995625000000002,8.664157734705746e-06
MiaPaCa2,"0""",0,0.0,Control,24,0.20475,0.3143249999999999,0.266575,0.2173999999999999,0.2507625,0.0469895147878755,0.2507625,0.0500680640894639,0.2507625,0.0500680640894639,2.0237572822879626,0.4040700236722517,0.0,0.0030785493015884
MiaPaCa2,"0""",0,0.0,Control,48,0.48885,0.77705,0.61785,0.421975,0.5764312500000001,0.1439261093698195,0.57643125,0.1565147535311501,0.57643125,0.1565147535311501,4.652039040629492,1.2631389152850632,1.1102230246251565e-16,0.012588644161330598
MiaPaCa2,"0""",0,0.0,Control,72,1.72195,2.024975,1.76065,1.1052583333333337,1.4705583333333336,0.4819528624945244,1.6532083333333334,0.3893279617566089,1.6532083333333334,0.3893279617566089,13.342076282229115,3.1420379753881327,0.18264999999999976,0.09262490073791552
MiaPaCa2,"15""",15,0.25,Treat:15s,0,0.06895,0.0774,0.1304,0.2188875,0.142905,0.0689207514010418,0.123909375,0.0689120872433071,0.123909375,0.0689120872433071,1.0,0.5561490988337815,0.018995625000000002,8.664157734705746e-06
MiaPaCa2,"15""",15,0.25,Treat:15s,24,0.1979,0.29305,0.22335,0.16325,0.2193874999999999,0.0531629150415426,0.2193875,0.0549393510306289,0.2193875,0.0549393510306289,1.7705480315754962,0.4433833277799111,1.1102230246251565e-16,0.0017764359890862988
MiaPaCa2,"15""",15,0.25,Treat:15s,48,0.3954499999999999,0.66865,0.5219,0.30705,0.4732625,0.1474767675408086,0.4732625,0.1572929982283593,0.4732625,0.1572929982283593,3.819424478575572,1.2694196724691682,0.0,0.009816230687550692
MiaPaCa2,"15""",15,0.25,Treat:15s,72,1.3924,1.6149,1.29865,0.9045666666666669,1.1699416666666669,0.3403063685411974,1.3026291666666667,0.2966712341642774,1.3026291666666667,0.2966712341642774,10.512757139374376,2.3942597899818105,0.13268749999999985,0.043635134376920015
MiaPaCa2,"30""",30,0.5,Treat:30s,0,0.06895,0.0774,0.1304,0.2188875,0.142905,0.0689207514010418,0.123909375,0.0689120872433071,0.123909375,0.0689120872433071,1.0,0.5561490988337815,0.018995625000000002,8.664157734705746e-06
MiaPaCa2,"30""",30,0.5,Treat:30s,24,0.16465,0.29555,0.2175,0.17405,0.2129375,0.0554831489862333,0.2129375,0.059692439149918,0.2129375,0.059692439149918,1.7184938589190688,0.4817427184175372,0.0,0.004209290163684702
MiaPaCa2,"30""",30,0.5,Treat:30s,48,0.31645,0.5868,0.4398999999999999,0.2543499999999999,0.3993749999999999,0.1364154761852818,0.399375,0.146832344869923,0.399375,0.146832344869923,3.223121737156692,1.1849978653344269,5.551115123125783e-17,0.0104168686846412
MiaPaCa2,"30""",30,0.5,Treat:30s,72,1.13405,1.21675,1.00605,0.6705166666666665,0.8947333333333335,0.2780130223677664,1.0068416666666666,0.2403876042515042,1.0068416666666666,0.2403876042515042,8.125629450287088,1.9400275746004223,0.11210833333333314,0.037625418116262216
MiaPaCa2,1',60,1.0,Treat:1min,0,0.06895,0.0774,0.1304,0.2188875,0.142905,0.0689207514010418,0.123909375,0.0689120872433071,0.123909375,0.0689120872433071,1.0,0.5561490988337815,0.018995625000000002,8.664157734705746e-06
MiaPaCa2,1',60,1.0,Treat:1min,24,0.1547,0.24385,0.20555,0.1604499999999999,0.1911375,0.0394333773597949,0.1911375,0.0418558712528282,0.1911375,0.0418558712528282,1.54255882575471,0.3377942246325449,0.0,0.002422493893033298
MiaPaCa2,1',60,1.0,Treat:1min,48,0.27735,0.42745,0.3439,0.2059,0.31365,0.0913715491824452,0.31365,0.0945044178861496,0.31365,0.0945044178861496,2.531285465688129,0.7626898116962468,0.0,0.003132868703704411
MiaPaCa2,1',60,1.0,Treat:1min,72,0.81985,0.8963,0.7565999999999999,0.4666166666666667,0.6454333333333333,0.2082220332998288,0.7348416666666666,0.1877172393373726,0.7348416666666666,0.1877172393373726,5.9304767429152685,1.514955904969843,0.08940833333333331,0.02050479396245619
MiaPaCa2,2',120,2.0,Treat:2min,0,0.06895,0.0774,0.1304,0.2188875,0.142905,0.0689207514010418,0.123909375,0.0689120872433071,0.123909375,0.0689120872433071,1.0,0.5561490988337815,0.018995625000000002,8.664157734705746e-06
MiaPaCa2,2',120,2.0,Treat:2min,24,0.1451,0.2679,0.18245,0.1404,0.1839625,0.0553517824593622,0.1839625,0.0590360818341913,0.1839625,0.0590360818341913,1.4846536026834127,0.476445642907902,0.0,0.0036842993748290934
MiaPaCa2,2',120,2.0,Treat:2min,48,0.2035,0.39075,0.2804,0.1703,0.2612375,0.090874166335339,0.2612375,0.0978841779434586,0.2612375,0.0978841779434586,2.1082948727648736,0.7899658758141472,0.0,0.007010011608119607
MiaPaCa2,2',120,2.0,Treat:2min,72,0.6447499999999999,0.73885,0.6009500000000001,0.35075,0.5061333333333333,0.1737035056606164,0.583825,0.1656923127365901,0.583825,0.1656923127365901,4.711709666843207,1.3372056209353822,0.07769166666666671,0.0080111929240263
MiaPaCa2,3',180,3.0,Treat:3min,0,0.06895,0.0774,0.1304,0.2188875,0.142905,0.0689207514010418,0.123909375,0.0689120872433071,0.123909375,0.0689120872433071,1.0,0.5561490988337815,0.018995625000000002,8.664157734705746e-06
MiaPaCa2,3',180,3.0,Treat:3min,24,0.1188,0.1822,0.1687,0.1189,0.14715,0.0331994836448658,0.14715,0.0331395534067675,0.14715,0.0331395534067675,1.1875614738594236,0.2674499278748486,0.0,5.993023809830467e-05
MiaPaCa2,3',180,3.0,Treat:3min,48,0.1926999999999999,0.3976,0.2370499999999999,0.1136,0.2352375,0.1165541436108435,0.2352375,0.1196801109555524,0.2352375,0.1196801109555524,1.8984640992660968,0.9658680867008844,0.0,0.0031259673447088937
MiaPaCa2,3',180,3.0,Treat:3min,72,0.5982000000000001,0.6288,0.48725,0.2989,0.4351583333333333,0.1608933156322894,0.5032875,0.1492126244379699,0.5032875,0.1492126244379699,4.061738669894832,1.2042077077539126,0.06812916666666669,0.011680691194319498
MiaPaCa2,4',240,4.0,Treat:4min,0,0.06895,0.0774,0.1304,0.2188875,0.142905,0.0689207514010418,0.123909375,0.0689120872433071,0.123909375,0.0689120872433071,1.0,0.5561490988337815,0.018995625000000002,8.664157734705746e-06
MiaPaCa2,4',240,4.0,Treat:4min,24,0.10445,0.15425,0.1518,0.108,0.129625,0.0265150496349311,0.129625,0.0270773121511964,0.129625,0.0270773121511964,1.0461274621068823,0.2185251289597457,0.0,0.0005622625162652987
MiaPaCa2,4',240,4.0,Treat:4min,48,0.14865,0.28335,0.1685499999999999,0.07995,0.170125,0.0830957752063416,0.170125,0.0844888306227515,0.170125,0.0844888306227515,1.372979243903054,0.6818598723684268,0.0,0.0013930554164099107
MiaPaCa2,4',240,4.0,Treat:4min,72,0.3892,0.404,0.2853,0.1975,0.2785,0.1186031656790445,0.319,0.0966970871674357,0.319,0.0966970871674357,2.574462182542685,0.7803855613623727,0.04049999999999998,0.021906078511608792
MiaPaCa2,5',300,5.0,Treat:5min,0,0.06895,0.0774,0.1304,0.2188875,0.142905,0.0689207514010418,0.123909375,0.0689120872433071,0.123909375,0.0689120872433071,1.0,0.5561490988337815,0.018995625000000002,8.664157734705746e-06
MiaPaCa2,5',300,5.0,Treat:5min,24,0.0895499999999999,0.1343,0.0900499999999999,0.0952,0.102275,0.0215023420651265,0.102275,0.0215021898109626,0.102275,0.0215021898109626,0.8254016292149,0.1735315815366082,0.0,1.5225416389805235e-07
MiaPaCa2,5',300,5.0,Treat:5min,48,0.0864,0.14335,0.0827,0.0682,0.0951625,0.0345448750592203,0.0951625,0.0330711700982391,0.0951625,0.0330711700982391,0.7680008070414365,0.2668980462393515,0.0,0.0014737049609811967
MiaPaCa2,5',300,5.0,Treat:5min,72,0.1013999999999999,0.14905,0.07485,0.147725,0.12415,0.0559314312350399,0.11825625,0.0364458409549933,0.11825625,0.0364458409549933,0.9543769387909512,0.2941330383999863,0.005893750000000003,0.0194855902800466
PANC1,"0""",0,0.0,Control,0,0.1191499999999999,0.1161,0.232475,0.27655,0.2088833333333333,0.0835812786748775,0.18606875,0.0810640522853173,0.18606875,0.0810640522853173,1.0,0.4356672051879607,0.022814583333333305,0.002517226389560201
PANC1,"0""",0,0.0,Control,24,0.2573249999999999,0.432475,0.389,0.3206375,0.3440149999999999,0.0941467514882459,0.349859375,0.0769715500573372,0.349859375,0.0769715500573372,1.8802693896745155,0.4136726347510649,0.005844375000000068,0.0171752014309087
PANC1,"0""",0,0.0,Control,48,0.6478999999999999,0.911125,0.7149,0.5806375,0.68704,0.1808613234381233,0.713640625,0.142610571639094,0.713640625,0.142610571639094,3.835359914010279,0.7664402090038976,0.026600625000000044,0.038250751799029314
PANC1,"0""",0,0.0,Control,72,1.772025,1.675325,1.9516833333333328,1.4024416666666668,1.7165444444444444,0.6583330851671063,1.70036875,0.2292606772196508,1.70036875,0.2292606772196508,9.138389708105205,1.2321288621525688,0.016175694444444444,0.4290724079474555
PANC1,"15""",15,0.25,Treat:15s,0,0.1191499999999999,0.1161,0.232475,0.27655,0.2088833333333333,0.0835812786748775,0.18606875,0.0810640522853173,0.18606875,0.0810640522853173,1.0,0.4356672051879607,0.022814583333333305,0.002517226389560201
PANC1,"15""",15,0.25,Treat:15s,24,0.2324,0.37495,0.4036999999999999,0.25865,0.30567,0.103941308759639,0.317425,0.0845305713928398,0.317425,0.0845305713928398,1.7059554600114206,0.4542975184862576,0.011755000000000015,0.0194107373667992
PANC1,"15""",15,0.25,Treat:15s,48,0.56455,0.79005,0.69635,0.40675,0.5728899999999999,0.1994525142595213,0.614425,0.1665055229314231,0.614425,0.1665055229314231,3.3021396661180344,0.8948602219954889,0.0415350000000001,0.032946991328098196
PANC1,"15""",15,0.25,Treat:15s,72,1.462,1.22925,1.4301,1.0849125000000002,1.208714285714286,0.3663989751773184,1.301565625,0.177415144439708,1.301565625,0.177415144439708,6.995079103825871,0.9534924292215003,0.09285133928571399,0.1889838307376104
PANC1,"30""",30,0.5,Treat:30s,0,0.1191499999999999,0.1161,0.232475,0.27655,0.2088833333333333,0.0835812786748775,0.18606875,0.0810640522853173,0.18606875,0.0810640522853173,1.0,0.4356672051879607,0.022814583333333305,0.002517226389560201
PANC1,"30""",30,0.5,Treat:30s,24,0.2207,0.39815,0.377,0.27015,0.30723,0.1052440766345863,0.3165,0.0849567242777168,0.3165,0.0849567242777168,1.700984179234826,0.4565878164802893,0.00927,0.0202873523568695
PANC1,"30""",30,0.5,Treat:30s,48,0.5186,0.68765,0.62295,0.3669,0.5126,0.1777979064993613,0.549025,0.1399726074392176,0.549025,0.1399726074392176,2.9506566793188,0.752262846067476,0.03642500000000004,0.0378252990601437
PANC1,"30""",30,0.5,Treat:30s,72,1.26755,1.0409000000000002,1.1700499999999998,0.9117875,1.0179499999999997,0.317887018512021,1.097571875,0.1547828338804484,1.097571875,0.1547828338804484,5.89874374391186,0.8318582990451023,0.0796218750000004,0.1631041846315726
PANC1,1',60,1.0,Treat:1min,0,0.1191499999999999,0.1161,0.232475,0.27655,0.2088833333333333,0.0835812786748775,0.18606875,0.0810640522853173,0.18606875,0.0810640522853173,1.0,0.4356672051879607,0.022814583333333305,0.002517226389560201
PANC1,1',60,1.0,Treat:1min,24,0.2156,0.3264,0.35585,0.2283,0.27089,0.0821668282621804,0.2815375,0.0700404094672021,0.2815375,0.0700404094672021,1.513083201773538,0.3764222066693203,0.010647499999999976,0.012126418794978305
PANC1,1',60,1.0,Treat:1min,48,0.42805,0.5912999999999999,0.5086999999999999,0.305375,0.42776,0.1395936181285601,0.4583562499999999,0.1218335824923352,0.4583562499999999,0.1218335824923352,2.463370394007591,0.6547772395543865,0.030596249999999936,0.017760035636224913
PANC1,1',60,1.0,Treat:1min,72,1.0024000000000002,0.8663000000000001,0.97695,0.7408375,0.8298571428571428,0.2546201475933112,0.8966218750000001,0.1194847368107289,0.8966218750000001,0.1194847368107289,4.818766584931645,0.6421537029228658,0.06676473214285727,0.1351354107825823
PANC1,2',120,2.0,Treat:2min,0,0.1191499999999999,0.1161,0.232475,0.27655,0.2088833333333333,0.0835812786748775,0.18606875,0.0810640522853173,0.18606875,0.0810640522853173,1.0,0.4356672051879607,0.022814583333333305,0.002517226389560201
PANC1,2',120,2.0,Treat:2min,24,0.1861499999999999,0.3235,0.3320499999999999,0.225875,0.25869,0.0817402586788718,0.26689375,0.0722304078828069,0.26689375,0.0722304078828069,1.4343824527224478,0.3881920412901521,0.00820375000000001,0.009509850796064909
PANC1,2',120,2.0,Treat:2min,48,0.3419,0.5631999999999999,0.44825,0.2619249999999999,0.37544,0.1343188594353003,0.40381875,0.1308234009632196,0.40381875,0.1308234009632196,2.1702663665983675,0.7030917387429089,0.028378750000000008,0.0034954584720807147
PANC1,2',120,2.0,Treat:2min,72,0.7999499999999999,0.70305,0.8068500000000001,0.5911249999999999,0.6677642857142857,0.194265653194251,0.72524375,0.1011945411385911,0.72524375,0.1011945411385911,3.897719256995062,0.5438556508741588,0.057479464285714266,0.09307111205565989
PANC1,3',180,3.0,Treat:3min,0,0.1191499999999999,0.1161,0.232475,0.27655,0.2088833333333333,0.0835812786748775,0.18606875,0.0810640522853173,0.18606875,0.0810640522853173,1.0,0.4356672051879607,0.022814583333333305,0.002517226389560201
PANC1,3',180,3.0,Treat:3min,24,0.17215,0.2898,0.2986999999999999,0.1961999999999999,0.23061,0.0728010141870747,0.2392125,0.0644083635226564,0.2392125,0.0644083635226564,1.2856135165093547,0.3461535777644363,0.008602499999999985,0.0083926506644183
PANC1,3',180,3.0,Treat:3min,48,0.30365,0.5062,0.4012,0.2411,0.33865,0.1234766127203402,0.3630375,0.1159705521170496,0.3630375,0.1159705521170496,1.9510933458735007,0.6232672177195239,0.024387500000000006,0.007506060603290607
PANC1,3',180,3.0,Treat:3min,72,0.7261,0.5798,0.48915,0.4527,0.5151214285714285,0.162011562638509,0.5619375,0.1217911420903288,0.5619375,0.1217911420903288,3.0200530717812635,0.6545491496574724,0.04681607142857147,0.04022042054818019
PANC1,4',240,4.0,Treat:4min,0,0.1191499999999999,0.1161,0.232475,0.27655,0.2088833333333333,0.0835812786748775,0.18606875,0.0810640522853173,0.18606875,0.0810640522853173,1.0,0.4356672051879607,0.022814583333333305,0.002517226389560201
PANC1,4',240,4.0,Treat:4min,24,0.1165499999999999,0.2149,0.2427,0.192825,0.1919599999999999,0.0674329658912382,0.19174375,0.0541233790172971,0.19174375,0.0541233790172971,1.0304994793591078,0.2908783931600397,0.0002162499999999179,0.013309586873941105
PANC1,4',240,4.0,Treat:4min,48,0.20115,0.3875,0.2264499999999999,0.18545,0.2372,0.0872685892327052,0.2501375,0.093119639666757,0.2501375,0.093119639666757,1.3443283732491351,0.5004582428094831,0.012937500000000018,0.005851050434051805
PANC1,4',240,4.0,Treat:4min,72,0.52525,0.2088499999999999,0.1332499999999999,0.283675,0.2860071428571428,0.1588848613802591,0.28775625,0.1698217844965225,0.28775625,0.1698217844965225,1.546504988075644,0.91268299752926,0.001749107142857198,0.010936923116263403
PANC1,5',300,5.0,Treat:5min,0,0.1191499999999999,0.1161,0.232475,0.27655,0.2088833333333333,0.0835812786748775,0.18606875,0.0810640522853173,0.18606875,0.0810640522853173,1.0,0.4356672051879607,0.022814583333333305,0.002517226389560201
PANC1,5',300,5.0,Treat:5min,24,0.1133,0.15575,0.2329,0.1367249999999999,0.15508,0.0509531549562928,0.15966875,0.0518158573500107,0.15966875,0.0518158573500107,0.8581169594571898,0.2784769465587896,0.0045887500000000025,0.0008627023937178985
PANC1,5',300,5.0,Treat:5min,48,0.109,0.23145,0.10235,0.116175,0.1350299999999999,0.0746091154692985,0.13974375,0.0613975921589492,0.13974375,0.0613975921589492,0.7510328843505425,0.329972615815118,0.0047137500000001,0.013211523310349305
PANC1,5',300,5.0,Treat:5min,72,0.1966,0.13065,0.06645,0.1334624999999999,0.1325071428571428,0.0629415780922853,0.131790625,0.0531468047163938,0.131790625,0.0531468047163938,0.7082899465923214,0.2856299336476104,0.000716517857142801,0.009794773375891505
